segment_id,COMET,chrF++,BLEU,is_bad_source,src_length,length_group_2,length_group_3
0,0.9766539335250854,100.0,100.00000000000004,True,3,short,short
1,0.301847904920578,6.304588110491011,0.0,False,9,short,short
2,0.6363931894302368,45.34624486704673,19.680162179096047,False,29,short,medium
3,0.3664056062698364,28.131216782101305,19.571200677470703,False,66,long,long
4,0.4953997433185577,7.349197313634288,0.1424081917911811,False,126,long,long
5,0.6342600584030151,53.58505123036994,28.295596283263514,False,16,short,medium
6,0.4016130864620209,11.082124308164756,0.0,False,9,short,short
7,0.2847837209701538,10.059165894444623,0.0,False,107,long,long
8,0.4279033243656158,15.384078396677555,0.0,False,88,long,long
9,0.4415650069713592,16.488182292510313,0.0,False,77,long,long
10,0.5212852954864502,39.818546927163034,27.48906344212513,False,28,short,medium
11,0.4541155099868774,10.35528619857442,0.0,False,6,short,short
12,0.4133012890815735,19.194898245613743,5.693025330278465,False,31,short,medium
13,0.3609899580478668,10.22603417677916,0.0,False,46,long,long
14,0.3879474103450775,12.26318148258388,0.0,False,59,long,long
15,0.2940568625926971,6.206300270131501,0.0,False,88,long,long
16,0.3327576518058777,15.607686454786244,0.0,False,54,long,long
17,0.5424089431762695,2.049657523350661,0.4805514696305381,False,60,long,long
18,0.2723036110401153,3.408892763336977,0.0,False,64,long,long
19,0.7779636383056641,0.0,0.0,False,8,short,short
20,0.353019118309021,14.62178167989767,0.0,False,9,short,short
21,0.3501981794834137,11.019096020884978,0.0,False,93,long,long
22,0.3642089068889618,11.205486310376406,0.0,False,79,long,long
23,0.3241191506385803,10.149443462233547,0.0,False,116,long,long
24,0.4775610268115997,2.7887844780487203,0.5235960936517932,False,70,long,long
25,0.2729862332344055,16.650290213724418,4.698597581597754,False,124,long,long
26,0.538968026638031,0.0,0.0,False,8,short,short
27,0.3439112901687622,19.233142338880366,0.0,False,43,long,long
28,0.5521093010902405,0.0,0.0,False,43,long,long
29,0.3837167918682098,13.778608284242097,6.344849033136086,False,38,long,long
30,0.6072248816490173,4.103522202332146,3.234245292096216,False,43,long,long
31,0.5056719779968262,5.209781913765863,1.2997232922204551,False,75,long,long
32,0.2957405149936676,8.972486690308418,0.0,False,53,long,long
33,0.3563320636749267,37.54667677965665,22.27227312202058,False,53,long,long
34,0.3407220542430877,17.375494644219632,6.178110636313396,False,48,long,long
35,0.4011192917823791,14.607239448240753,0.0,False,48,long,long
36,0.3222841322422027,13.094534619993375,3.708659055657029,False,51,long,long
37,0.4525096416473388,17.169703824398024,3.1643869103082793,False,50,long,long
38,0.5730202198028564,0.0,0.0,False,52,long,long
39,0.3146365582942962,8.550175773624394,0.0,False,10,short,short
40,0.3240145146846771,12.57109453752313,2.5953911943191166,False,73,long,long
41,0.2502985596656799,6.133475300930247,4.4564923172994486e-05,False,152,long,long
42,0.3617275357246399,8.561649064924753,0.0,False,96,long,long
43,0.4735643565654754,0.0,0.0,False,8,short,short
44,0.3779908120632171,14.938902296464171,0.0,False,42,long,long
45,0.503088116645813,4.127559515925448,1.2370924497617577,False,59,long,long
46,0.6060084104537964,5.731474576725903,3.322086503981984,False,78,long,long
47,0.3352306485176086,15.345026572853811,1.2192584915912208,False,72,long,long
48,0.3853841125965118,24.82308070911418,4.871822190663196,False,37,long,medium
49,0.2717924118041992,19.251970054813036,3.197383344450448,False,43,long,long
50,0.6001336574554443,4.485313682463263,2.002152301552759,False,37,long,medium
51,0.2992633283138275,12.05726648244823,3.540648755095038,False,67,long,long
52,0.3013474643230438,8.076683696952454,0.0,False,73,long,long
53,0.4047588109970093,16.97605935861827,3.4585921141027365,False,56,long,long
54,0.2389743328094482,1.6455129026797175,0.0,False,49,long,long
55,0.5948597192764282,0.821807069969392,0.7772751558853214,False,80,long,long
56,0.3904402554035187,12.007968338696436,1.8196871111910016,False,59,long,long
57,0.3702627122402191,8.721573742074188,0.0,False,10,short,short
58,0.3659186661243438,12.266261273100378,4.8734989388136185,False,32,short,medium
59,0.5167996287345886,26.882296314969395,11.46643659788751,False,29,short,medium
60,0.3660520017147064,17.45035336156805,0.0,False,48,long,long
61,0.5189395546913147,22.850167047915935,3.8232468526904646,False,29,short,medium
62,0.3650301694869995,13.089229711286206,3.7954847898457063,False,73,long,long
63,0.4564826190471649,5.08030491157201,0.8265874510641286,False,49,long,long
64,0.3567318916320801,11.738727684420692,0.0,False,35,long,medium
65,0.2476268708705902,7.950630960858564,0.0,False,71,long,long
66,0.3276244699954986,12.546209683568158,10.682175159905851,False,7,short,short
67,0.3515144288539886,24.41350577089094,15.411659730503564,False,40,long,long
68,0.3347978293895721,12.138642697693932,0.0,False,70,long,long
69,0.4262425601482391,23.64752921326495,16.233395773754946,False,16,short,medium
70,0.4073032438755035,21.22999942549322,0.0,False,15,short,medium
71,0.4107204973697662,19.189832429523257,6.772997136689072,False,39,long,long
72,0.5970955491065979,4.754492197106877,0.8647536086031785,False,72,long,long
73,0.4245528280735016,16.57440622626014,3.0266181377145767,False,64,long,long
74,0.3735406100749969,10.112571459356632,0.0,False,96,long,long
75,0.3163432478904724,8.348884449986514,0.0,False,49,long,long
76,0.4527117013931274,25.492505839480955,7.495553473355842,False,37,long,medium
77,0.5936559438705444,6.907817043969493,1.107270926154281,False,74,long,long
78,0.6608913540840149,9.006606272497333,3.125190763972442,False,15,short,medium
79,0.7680517435073853,7.220205213605205,27.516060407455225,False,15,short,medium
80,0.3152022659778595,12.922622036992736,2.055847707468329,False,54,long,long
81,0.1279794126749038,2.1828013346549007,0.0,False,73,long,long
82,0.3415567874908447,10.254368852532172,0.0,False,64,long,long
83,0.664689838886261,0.0,0.0,False,66,long,long
84,0.3774752616882324,17.985665288206892,3.435488317233919,False,45,long,long
85,0.6617418527603149,0.0,0.0,False,49,long,long
86,0.4443347454071045,13.054570203789268,0.0,False,12,short,short
87,0.3618207573890686,14.313314629851568,0.0,False,12,short,short
88,0.6483106017112732,0.0,0.0,False,26,short,medium
89,0.3426850438117981,15.811809495001285,0.6706844879852473,False,68,long,long
90,0.3048427700996399,11.339586394700648,0.7463548437710137,False,72,long,long
91,0.2894210517406463,15.205061377955612,4.167801401444754,False,91,long,long
92,0.294865220785141,0.0,0.0,False,34,long,medium
93,0.6753906607627869,0.0,0.0,False,54,long,long
94,0.4274320900440216,10.29227059843141,0.0,False,10,short,short
95,0.3372672796249389,12.273124062419177,0.0,False,45,long,long
96,0.3616143763065338,9.88554052965839,0.4810004282723777,False,136,long,long
97,0.2505609393119812,4.945804075989145,0.0,False,66,long,long
98,0.4372945725917816,18.322404317676114,8.153616295286648,False,76,long,long
99,0.3337801992893219,15.971535056068022,0.0,False,17,short,medium
100,0.2609871327877044,9.41358450795084,0.0,False,79,long,long
101,0.2951174676418304,4.531056089000554,0.0,False,149,long,long
102,0.3747293651103973,25.86803758295796,49.99999999999999,False,14,short,medium
103,0.4478935897350311,4.110640789388553,0.0,False,18,short,medium
104,0.3484922349452972,20.811642046177596,8.515289178380433,False,32,short,medium
105,0.3725259602069855,16.61205040965606,3.3420531792258674,False,90,long,long
106,0.455125629901886,18.629080795353236,2.5653215350258076,False,56,long,long
107,0.4689939320087433,21.020318569360548,3.887543600901651,False,70,long,long
108,0.3238063156604767,10.003051650998472,0.0,False,92,long,long
109,0.3686281740665436,14.121730462001407,0.0,False,37,long,medium
110,0.3777968287467956,17.902279056725735,3.457678376300613,False,91,long,long
111,0.5498771667480469,2.2049735238712116,0.4976154049389498,False,63,long,long
112,0.2992866933345794,8.537739611582051,0.0,False,16,short,medium
113,0.3755271732807159,15.509333194560403,0.0,False,15,short,medium
114,0.3663685619831085,16.34282319438021,2.544354209531657,False,60,long,long
115,0.3449908792972564,12.29867205467046,1.7539413943549187,False,79,long,long
116,0.4034979045391083,27.58434163683275,27.978036534915965,False,46,long,long
117,0.6355364918708801,0.0,0.0,False,61,long,long
118,0.3332061171531677,13.8667573744908,0.0,False,55,long,long
119,0.5581377148628235,0.0,0.0,False,57,long,long
120,0.248044341802597,5.901415236888581,0.0,False,10,short,short
121,0.3296190798282623,8.976932826326157,0.0,False,74,long,long
122,0.4281765818595886,17.292364029316175,0.0,False,52,long,long
123,0.3181833922863006,11.734360058758584,0.0,False,54,long,long
124,0.3625935316085815,13.48844576139051,0.0,False,85,long,long
125,0.5371885299682617,0.0,0.0,False,42,long,long
126,0.2890591323375702,8.102911804003067,0.0,False,66,long,long
127,0.3182193338871002,7.598424354010885,0.0,False,40,long,long
128,0.3482320606708526,14.175429924037564,5.255923420816887,False,46,long,long
129,0.340856522321701,12.849619880778254,0.0,False,52,long,long
130,0.4787303507328033,25.913491657036836,10.394224994345745,False,20,short,medium
131,0.3771412074565887,18.80394839889953,15.090767577522726,False,19,short,medium
132,0.5388059020042419,22.913790105697885,24.880469496253564,False,12,short,short
133,0.4031808078289032,19.862811350251317,4.338332464551785,False,75,long,long
134,0.4544421732425689,18.296888319785182,2.5953911943191166,False,68,long,long
135,0.3579069077968597,9.125092693817129,0.0,False,57,long,long
136,0.5052611827850342,7.934783883569857,1.6588728390153582,False,106,long,long
137,0.5077232122421265,15.254488454265337,0.7855630753714807,False,100,long,long
138,0.4051387310028076,16.916045401271866,2.8398387225677895,False,50,long,long
139,0.4257435798645019,24.36088659879294,7.050012289384432,False,61,long,long
140,0.4426599740982055,19.151575177761355,5.876350803261633,False,56,long,long
141,0.340633362531662,11.624127546306807,0.0,False,51,long,long
142,0.4558190405368805,37.83196983818977,31.947155212313625,False,11,short,short
143,0.3967972695827484,14.126781063559813,3.279191078745213,False,74,long,long
144,0.6335354447364807,8.855301766123327,5.095335964988338,False,53,long,long
145,0.3075887262821197,9.541155582498313,0.754351579083998,False,111,long,long
146,0.3098680675029754,11.70266061993036,0.5851325583910783,False,99,long,long
147,0.4484129250049591,29.906463549937783,13.134549472120794,False,27,short,medium
148,0.4348332583904266,25.30148002039474,8.392229812593097,False,44,long,long
149,0.5412063002586365,4.6983857107374485,1.40055478342014,False,46,long,long
150,0.4419883787631988,1.213476596412055,0.0,False,44,long,long
151,0.6362749338150024,0.0,0.0,False,59,long,long
152,0.4420703947544098,13.472449048229718,0.0,False,71,long,long
153,0.6313441395759583,5.1191090040157885,1.3737889784665156,False,44,long,long
154,0.3449251353740692,10.416639109686717,0.0,False,79,long,long
155,0.5811759829521179,0.0,0.0,False,19,short,medium
156,0.4271016120910644,0.0,0.0,False,15,short,medium
157,0.3974020183086395,14.978488388213751,0.0,False,20,short,medium
158,0.2417941093444824,3.4961587918780643,0.0,False,20,short,medium
159,0.3742106258869171,8.51837945297533,0.0,False,7,short,short
160,0.6453893780708313,0.0,0.0,False,2,short,short
161,0.3887197077274322,7.952794724044386,0.0,False,5,short,short
162,0.3771164119243622,6.802721088435375,0.0,False,3,short,short
163,0.5238040089607239,16.132976890827898,0.0,False,4,short,short
164,0.852516770362854,0.0,0.0,False,4,short,short
165,0.5169756412506104,0.0,0.0,False,13,short,medium
166,0.5080796480178833,30.233115114556064,10.552670315936318,False,9,short,short
167,0.7539253830909729,61.18654492393743,85.07331335123524,True,5,short,short
168,0.6398436427116394,0.0,0.0,False,6,short,short
169,0.4152367711067199,29.65892062432836,21.3643503198117,False,5,short,short
170,0.4360174238681793,26.083102177837375,26.269098944241577,False,20,short,medium
171,0.5823202729225159,0.0,0.0,False,24,short,medium
172,0.2310450673103332,7.79580961756391,0.0,False,17,short,medium
173,0.4394975006580353,24.65086872692325,21.42348888333949,False,39,long,long
174,0.3267344534397125,8.789008702726644,2.6707068119098887,False,25,short,medium
175,0.303032636642456,21.32873101236004,21.3643503198117,False,11,short,short
176,0.4559307396411896,29.412642432219965,55.03212081491043,False,9,short,short
177,0.2725572288036346,7.970552460258375,2.929887179387846,False,14,short,medium
178,0.5128436088562012,20.780326895506175,6.567274736060396,False,16,short,medium
179,0.3539938032627105,19.14985183308438,17.747405280050266,False,30,short,medium
180,0.4414978325366974,13.794947867628675,26.654295575896295,False,16,short,medium
181,0.4039216637611389,17.807296807281542,0.0,False,27,short,medium
182,0.4168961942195892,17.19052643343292,4.594845781962073,False,53,long,long
183,0.5313279032707214,30.52055310137535,55.03212081491043,False,5,short,short
184,0.3104932606220245,9.061258927636056,0.0,False,80,long,long
185,0.3228694498538971,9.404402247461448,0.0,False,77,long,long
186,0.2705181539058685,10.09377752694726,0.0,False,95,long,long
187,0.3165806829929352,9.471914714589603,0.0,False,79,long,long
188,0.4532991051673889,35.05480995774065,10.600313379512592,False,11,short,short
189,0.9432634711265564,62.52886002886001,35.35533905932737,False,2,short,short
190,0.6442378759384155,0.0,0.0,False,27,short,medium
191,0.5507243275642395,0.0,0.0,False,20,short,medium
192,0.5813244581222534,0.0,0.0,False,20,short,medium
193,0.31196129322052,11.18229595742081,0.0,False,22,short,medium
194,0.7002137303352356,0.0,0.0,False,10,short,short
195,0.3072226941585541,22.95611588714644,4.573913556123801,False,23,short,medium
196,0.5895305275917053,0.2692712482971744,0.0,False,36,long,medium
197,0.616668164730072,0.0,0.0,False,14,short,medium
198,0.6413067579269409,0.2938871473354232,0.0,False,27,short,medium
199,0.6162561774253845,0.0,0.0,False,19,short,medium
200,0.4125707745552063,16.667091368566886,0.0,False,18,short,medium
201,0.397011786699295,18.983588201990703,0.0,False,20,short,medium
202,0.5831430554389954,0.0,0.0,False,20,short,medium
203,0.5274044871330261,0.0,0.0,False,25,short,medium
204,0.5103932023048401,0.0,0.0,False,7,short,short
205,0.515225350856781,0.0,0.0,False,22,short,medium
206,0.4373098909854889,8.777758758839873,0.0,False,20,short,medium
207,0.3320609629154205,0.0,0.0,False,16,short,medium
208,0.5920565128326416,0.0,0.0,False,17,short,medium
209,0.5284469723701477,45.087211935114816,31.947155212313625,False,8,short,short
210,0.4463629126548767,39.275016617179055,54.75182535069452,False,18,short,medium
211,0.3394142687320709,16.872956040772728,10.394224994345745,False,45,long,long
212,0.1429038643836975,1.7605633802816905,0.0,False,34,long,medium
213,0.4860293567180633,3.6630036630036624,0.0,False,4,short,short
214,0.3424176871776581,9.944348096489875,0.0,False,12,short,short
215,0.3746781647205353,15.680270943512255,0.0,False,9,short,short
216,0.4049199223518371,16.79604234127454,0.0,False,6,short,short
217,0.6468163728713989,0.0,0.0,False,4,short,short
218,0.2821613848209381,3.790979160304527,0.0,False,8,short,short
219,0.3717475235462188,4.273557775177131,0.0,False,7,short,short
220,0.477471262216568,15.096929740362263,0.0,False,11,short,short
221,0.435803472995758,17.59430824233843,15.97357760615681,False,7,short,short
222,0.2532694041728973,7.346936977226733,0.0,False,9,short,short
223,0.4086922407150268,1.9305019305019304,0.0,False,5,short,short
224,0.3198049366474151,7.234068967428351,0.0,False,13,short,medium
225,0.4132253229618072,15.198145993935222,0.0,False,22,short,medium
226,0.741340696811676,60.86165412304694,70.73395735740276,False,9,short,short
227,0.4273654818534851,11.277077017187311,0.0,False,11,short,short
228,0.6945331692695618,33.850649782049864,55.03212081491043,False,4,short,short
229,0.2893613576889038,11.056575111160145,0.0,False,16,short,medium
230,0.8747405409812927,67.06483192428318,60.653065971263366,False,2,short,short
231,0.7561637163162231,31.777910105752586,0.0,False,3,short,short
232,0.5138294100761414,14.062996846248076,0.0,False,8,short,short
233,0.746877908706665,0.0,0.0,False,6,short,short
234,0.36974036693573,15.876171456748486,0.0,False,29,short,medium
235,0.4495443701744079,14.376537684495966,2.6485681362909563,False,51,long,long
236,0.3850546777248382,16.442724589525458,0.0,False,29,short,medium
237,0.5309633016586304,0.0,0.0,False,36,long,medium
238,0.3508785367012024,13.57774166002748,0.0,False,39,long,long
239,0.5262565016746521,10.557942305739662,2.3372496156461087,False,37,long,medium
240,0.5135483145713806,26.82261608482187,12.872632311973014,False,12,short,short
241,0.4255823791027069,19.584885571675898,19.37692912686648,False,13,short,medium
242,0.4794299304485321,14.85364282843422,0.0,False,27,short,medium
243,0.367815226316452,11.188841309849174,0.0,False,56,long,long
244,0.302533894777298,12.239435448780686,0.0,False,29,short,medium
245,0.4437533020973205,15.58896116062916,0.0,False,37,long,medium
246,0.3635719716548919,12.054647557811716,0.0,False,24,short,medium
247,0.3308892846107483,15.18028939125203,5.911853052934884,False,61,long,long
248,0.4460389912128448,13.219966100438665,4.799810699119212,False,25,short,medium
249,0.3492052257061004,13.70828326594768,12.70331870386537,False,13,short,medium
250,0.5237938761711121,4.982228619542697,4.456882760699064,False,18,short,medium
251,0.4554354846477508,0.0,0.0,False,24,short,medium
252,0.4421036541461944,16.51706883686415,2.8398387225677895,False,13,short,medium
253,0.4553856551647186,7.077926798907286,0.0,False,15,short,medium
254,0.5817721486091614,7.672991071428571,49.99999999999999,False,1,short,short
255,0.6632285714149475,0.0,0.0,False,20,short,medium
256,0.3992274105548858,24.84708444815488,28.254432923044853,False,11,short,short
257,0.993598699569702,100.0,100.00000000000004,True,1,short,short
258,0.6556825637817383,0.0,0.0,False,16,short,medium
259,0.7324072122573853,0.0,0.0,False,8,short,short
260,0.3539327681064605,25.40300972132209,19.37692912686648,False,9,short,short
261,0.3082328736782074,13.54881249645114,0.0,False,18,short,medium
262,0.993598699569702,100.0,100.00000000000004,True,1,short,short
263,0.3278695046901703,6.94399443896434,0.0,False,14,short,medium
264,0.5805386304855347,18.442007190542977,0.0,False,6,short,short
265,0.9864110946655272,100.0,100.00000000000004,True,1,short,short
266,0.4754492938518524,21.088877874281028,7.495553473355842,False,11,short,short
267,0.993598699569702,100.0,100.00000000000004,True,1,short,short
268,0.3102380335330963,9.985595718856551,0.0,False,18,short,medium
269,0.3873352706432342,13.740383541176934,0.0,False,23,short,medium
270,0.6655837893486023,0.0,0.0,False,9,short,short
271,0.3394451141357422,8.173322429530916,0.0,False,7,short,short
272,0.5547237396240234,0.0,0.0,False,43,long,long
273,0.7524228692054749,3.4851013847675567,4.767707020457095,False,7,short,short
274,0.3601597547531128,11.278252378483236,0.0,False,38,long,long
275,0.348125010728836,10.48747588539682,0.0,False,4,short,short
276,0.4391245543956756,15.067593823888398,0.0,False,45,long,long
277,0.6659098267555237,0.0,0.0,False,28,short,medium
278,0.5995854139328003,2.417308365418271,2.489353418393197,False,4,short,short
279,0.2605959773063659,0.9596638184480468,0.0,False,8,short,short
280,0.4957833588123321,2.1645021645021645,0.0,False,4,short,short
281,0.3882115185260772,7.538021496876063,0.0,False,10,short,short
282,0.3856250941753387,9.031482145569678,0.0,False,22,short,medium
283,0.3303727805614471,8.315147052232891,0.0,False,9,short,short
284,0.5435155034065247,0.1021241830065359,5.876350803261633,False,34,long,medium
285,0.6118202805519104,0.0,0.0,False,26,short,medium
286,0.6470494866371155,5.5693069306930685,18.39397205857211,False,2,short,short
287,0.1795448362827301,11.03986426465985,9.599621398238424,False,17,short,medium
288,0.9915819764137268,100.0,100.00000000000004,True,1,short,short
289,0.6170584559440613,0.0,0.0,False,3,short,short
290,0.5983594059944153,3.268382972483655,14.127216461522432,False,19,short,medium
291,0.5131286382675171,21.855893281346106,0.0,False,7,short,short
292,0.4248786866664886,0.0,0.0,False,29,short,medium
293,0.9922160506248474,100.0,100.00000000000004,True,1,short,short
294,0.7257129549980164,6.61960736791081,49.99999999999999,False,8,short,short
295,0.3747812807559967,11.061632896849035,4.767707020457095,False,16,short,medium
296,0.6591784358024597,0.0,0.0,False,7,short,short
297,0.7597339749336243,0.0,0.0,False,6,short,short
298,0.7991548180580139,27.09239508102336,3.737437943747671,False,15,short,medium
299,0.8818884491920471,0.0,0.0,False,5,short,short
300,0.3449893593788147,31.731945324924983,42.16120484488187,False,11,short,short
301,0.4609574377536773,29.282775668229533,39.43223765116288,False,12,short,short
302,0.6695693135261536,22.15489657635755,5.669791110976001,False,17,short,medium
303,0.4858982264995575,29.149861526273607,9.535414040914189,False,23,short,medium
304,0.5565550327301025,27.4507830089792,0.0,False,9,short,short
305,0.588245153427124,0.0,0.0,False,25,short,medium
306,0.4115425646305084,16.74683387272639,4.196114906296549,False,21,short,medium
307,0.3489723801612854,10.954031562307598,0.0,False,51,long,long
308,0.6611350774765015,34.72606676335429,16.233395773754946,False,8,short,short
309,0.9618783593177797,100.0,100.00000000000004,True,1,short,short
310,0.5758917927742004,26.492110858452428,28.254432923044853,False,9,short,short
311,0.4196041226387024,23.122110953696367,14.506309551249304,False,40,long,long
312,0.9767781496047974,100.0,100.00000000000004,True,1,short,short
313,0.3443517386913299,9.199334839115842,0.0,False,12,short,short
314,0.4722786247730255,25.41500879357547,0.0,False,4,short,short
315,0.6061407923698425,0.0,0.0,False,14,short,medium
316,0.6091800928115845,0.0,0.0,False,19,short,medium
317,0.4061032831668854,22.620476883241786,0.0,False,15,short,medium
318,0.8607107996940613,5.3389038843758705,0.0,False,7,short,short
319,0.4131138026714325,0.0,0.0,False,17,short,medium
320,0.521773099899292,0.0,0.0,False,11,short,short
321,0.4996184408664703,13.64397152728828,0.0,False,25,short,medium
322,0.6279435157775879,0.0,0.0,False,13,short,medium
323,0.2440138459205627,2.999115868170966,0.0,False,24,short,medium
324,0.4399821162223816,0.0,0.0,False,35,long,medium
325,0.7959455847740173,13.23035383385149,12.70331870386537,False,22,short,medium
326,0.3328421711921692,9.684476212437309,0.0,False,15,short,medium
327,0.3457805514335632,13.862191191003568,0.0,False,17,short,medium
328,0.2727493941783905,4.278294315972161,0.0,False,13,short,medium
329,0.7791526913642883,0.0,0.0,False,13,short,medium
330,0.6157956719398499,0.0,0.0,False,32,short,medium
331,0.3461357057094574,11.887873420394095,0.0,False,9,short,short
332,0.4968110620975494,34.483856424388456,21.3643503198117,False,25,short,medium
333,0.5731967091560364,0.0,0.0,False,24,short,medium
334,0.5016874074935913,0.0,0.0,False,20,short,medium
335,0.3277026712894439,13.048522616607205,3.386498568344535,False,14,short,medium
336,0.3303869962692261,16.202207263785198,0.0,False,14,short,medium
337,0.7147656083106995,0.0,0.0,False,7,short,short
338,0.6528597474098206,0.0,0.0,False,18,short,medium
339,0.3666253387928009,12.804811116685253,0.0,False,11,short,short
340,0.3361433148384094,14.909591456073551,0.0,False,16,short,medium
341,0.4766245782375335,7.528500069874392,0.0,False,5,short,short
342,0.4440431892871856,3.9584829791129703,0.0,False,4,short,short
343,0.4692108035087585,16.29109594554541,8.116697886877475,False,21,short,medium
344,0.6249398589134216,17.063722315879843,0.0,False,4,short,short
345,0.4719170033931732,9.097014262195492,0.0,False,4,short,short
346,0.7098286747932434,2.2321428571428568,0.0,False,1,short,short
347,0.5926568508148193,4.735064517142598,27.516060407455225,False,19,short,medium
348,0.3550907671451568,11.249673700220043,0.0,False,12,short,short
349,0.5976776480674744,11.630036630036631,0.0,False,2,short,short
350,0.6368788480758667,28.84948085338032,0.0,False,4,short,short
351,0.5828975439071655,20.578724163488108,7.267884212102741,False,22,short,medium
352,0.4523976147174835,14.428088196313766,0.0,False,11,short,short
353,0.3591988682746887,21.10056686175164,5.522397783539471,False,12,short,short
354,0.3989313244819641,16.593704050908148,10.682175159905851,False,7,short,short
355,0.6028470396995544,11.48662092061173,27.516060407455225,False,9,short,short
356,0.6829264760017395,0.0,0.0,False,18,short,medium
357,0.6798344850540161,0.0,0.0,False,7,short,short
358,0.2764710485935211,4.2908657740826746,0.0,False,31,short,medium
359,0.6467350125312805,0.0,0.0,False,29,short,medium
360,0.5561001896858215,25.49665928625526,5.300156689756297,False,19,short,medium
361,0.257527083158493,3.2866218404133436,0.0,False,16,short,medium
362,0.3918254971504211,10.073505301125806,0.0,False,3,short,short
363,0.6665953993797302,0.0,0.0,False,11,short,short
364,0.4474641680717468,25.19243716891011,5.255923420816887,False,14,short,medium
365,0.809373676776886,0.0,0.0,False,8,short,short
366,0.32627072930336,5.495351344158287,0.0,False,16,short,medium
367,0.6478328108787537,4.268164747610034,8.515289178380433,False,24,short,medium
368,0.6304246187210083,0.0,0.0,False,24,short,medium
369,0.5608115196228027,5.078298123799674,0.0,False,4,short,short
370,0.5759285092353821,21.22718832438296,27.516060407455225,False,12,short,short
371,0.4555379152297973,0.0,0.0,False,16,short,medium
372,0.6658083200454712,19.308774881548647,12.223075560872523,False,16,short,medium
373,0.6319214105606079,3.3041925321798136,2.0244462660665508,False,11,short,short
374,0.32619109749794,7.760192763061793,0.0,False,4,short,short
375,0.4027837514877319,9.240536156597251,0.0,False,14,short,medium
376,0.6089733242988586,0.0,0.0,False,27,short,medium
377,0.3493281304836273,5.742275065798026,0.0,False,4,short,short
378,0.6482753753662109,30.62160565287214,16.233395773754946,False,4,short,short
379,0.5757326483726501,0.0,0.0,False,9,short,short
380,0.4459187388420105,11.683310249563457,0.0,False,13,short,medium
381,0.5581636428833008,0.0,0.0,False,10,short,short
382,0.4390449225902557,0.0,0.0,False,12,short,short
383,0.3739740550518036,10.452927749791463,0.0,False,11,short,short
384,0.7065660953521729,6.971528861154447,49.99999999999999,False,7,short,short
385,0.3501768112182617,0.0,0.0,False,10,short,short
386,0.2843056619167328,4.3452087941693875,0.0,False,19,short,medium
387,0.9922087788581848,100.0,100.00000000000004,True,1,short,short
388,0.856375515460968,44.43435068990663,26.269098944241588,False,5,short,short
389,0.3149551153182983,4.778815600897086,0.0,False,14,short,medium
390,0.6466113924980164,0.0,0.0,False,6,short,short
391,0.5991983413696289,3.776239939090711,24.840753130578644,False,22,short,medium
392,0.7154935002326965,0.0,0.0,False,8,short,short
393,0.4272815287113189,13.890174368059752,4.196114906296549,False,28,short,medium
394,0.2792305052280426,9.848198258757533,0.0,False,17,short,medium
395,0.4941863119602203,10.562290009638163,49.99999999999999,False,5,short,short
396,0.4432727992534637,29.532751629236397,55.03212081491043,False,6,short,short
397,0.3739253580570221,7.376039764615417,3.7477767366779218,False,15,short,medium
398,0.3212482929229736,14.699726559121377,3.7238938287986976,False,21,short,medium
399,0.479208767414093,37.05249775271929,34.33629176453737,False,32,short,medium
400,0.4852959811687469,19.56485288622836,9.279771067975602,False,21,short,medium
401,0.592857837677002,25.289590711760784,15.356865413172349,False,23,short,medium
402,0.4297235310077667,21.005229009541083,3.5275023606301383,False,27,short,medium
403,0.3743906915187835,11.47666452771651,0.0,False,38,long,long
404,0.4008392095565796,16.24530532176839,9.746997877627232,False,10,short,short
405,0.9925125241279602,100.0,100.00000000000004,True,1,short,short
406,0.5946584343910217,0.0,0.0,False,6,short,short
407,0.7488468885421753,13.233487096461458,5.522397783539471,False,6,short,short
408,0.8052770495414734,35.938938894619845,10.552670315936318,False,6,short,short
409,0.6216118931770325,0.0,0.0,False,14,short,medium
410,0.5483105778694153,4.840162089149032,15.97357760615681,False,8,short,short
411,0.3406901061534881,13.420096432429348,4.456882760699064,False,13,short,medium
412,0.5678147077560425,0.0,0.0,False,26,short,medium
413,0.287912368774414,8.72526338381303,0.0,False,16,short,medium
414,0.6558478474617004,0.0,0.0,False,6,short,short
415,0.3937920033931732,3.977332169910228,0.0,False,5,short,short
416,0.7573055028915405,4.480286738351254,27.516060407455225,False,9,short,short
417,0.3495967090129852,11.569783190542028,0.0,False,32,short,medium
418,0.4271822571754455,11.331948086714162,0.0,False,14,short,medium
419,0.5232141613960266,0.0,0.0,False,49,long,long
420,0.4673788547515869,12.288437330952297,0.0,False,20,short,medium
421,0.4567786157131195,27.933007913993823,17.965205598154213,False,19,short,medium
422,0.2452481389045715,12.163761463170648,1.0079484521270912,False,32,short,medium
423,0.3344811499118805,9.895684389053883,0.0,False,27,short,medium
424,0.2371924221515655,11.249294571453357,4.323577299262492,False,45,long,long
425,0.3210305869579315,12.793456014235566,0.0,False,73,long,long
426,0.9881681799888612,100.0,100.00000000000004,True,1,short,short
427,0.7850416302680969,0.0,0.0,False,7,short,short
428,0.6283652782440186,0.0,0.0,False,50,long,long
429,0.263898640871048,1.7281105990783412,0.0,False,3,short,short
430,0.4186910688877105,6.970197190999612,0.0,False,5,short,short
431,0.428433895111084,34.592113549777,13.545994273378144,False,18,short,medium
432,0.7687240839004517,18.94889609204923,21.3643503198117,False,17,short,medium
433,0.7277491092681885,4.235167095740474,8.745825313180632,False,22,short,medium
434,0.5932560563087463,37.24760323572112,31.455601883230702,False,23,short,medium
435,0.9919256567955016,100.0,100.00000000000004,True,1,short,short
436,0.99221533536911,100.0,100.00000000000004,True,1,short,short
437,0.3906750977039337,19.03534308591607,3.0890553181566975,False,37,long,medium
438,0.9928098320961,100.0,100.00000000000004,True,2,short,short
439,0.5490332245826721,0.0,0.0,False,10,short,short
440,0.6807861924171448,8.803932047877213,4.735576781334083,False,58,long,long
441,0.6240125298500061,40.60785757458101,36.55552228545123,False,17,short,medium
442,0.3721814453601837,29.34392064574845,10.600313379512592,False,26,short,medium
443,0.466545432806015,24.399461290086233,8.808424865565325,False,34,long,medium
444,0.2034556567668914,14.82753048293555,20.24518585186855,False,8,short,short
445,0.9937250018119812,100.0,100.00000000000004,True,4,short,short
446,0.7371956706047058,29.17143134646644,22.31618068926664,False,10,short,short
447,0.9931605458259584,100.0,100.00000000000004,True,4,short,short
448,0.4546777606010437,13.34693155949942,0.0,False,17,short,medium
449,0.99221533536911,100.0,100.00000000000004,True,1,short,short
450,0.5088632702827454,22.39744472696827,7.809849842300641,False,19,short,medium
451,0.9935132265090942,100.0,100.00000000000004,True,3,short,short
452,0.425053209066391,30.174356208011595,16.451929399933107,False,27,short,medium
453,0.2013625502586364,1.6259245906580504,0.0,False,12,short,short
454,0.6522476077079773,20.103140502962862,9.652434877402245,False,4,short,short
455,0.6148000359535217,1.9779423332770476,0.0,False,10,short,short
456,0.4186491072177887,16.19817161097501,0.0,False,38,long,long
457,0.6511005759239197,0.0,0.0,False,14,short,medium
458,0.4064455330371856,18.71821557068922,14.794015674776452,False,9,short,short
459,0.3634670674800873,9.213144451765158,0.0,False,14,short,medium
460,0.4870714843273163,17.29601582430168,20.448007360218387,False,17,short,medium
461,0.4871869385242462,0.2880184331797235,0.0,False,17,short,medium
462,0.3095022737979889,5.885303720121921,0.0,False,14,short,medium
463,0.3519116342067718,13.490769479979829,5.669791110976001,False,26,short,medium
464,0.3792359828948974,16.884920288229555,4.085507150363302,False,50,long,long
465,0.7892604470252991,0.0,0.0,False,11,short,short
466,0.2883673310279846,2.310924369747899,0.0,False,4,short,short
467,0.6154045462608337,0.0,0.0,False,35,long,medium
468,0.3225387036800384,21.057051889454694,30.326532985631665,False,22,short,medium
469,0.581188976764679,11.048253812314533,1.3355980882200826,False,30,short,medium
470,0.7687185406684875,7.907074314590011,15.97357760615681,False,11,short,short
471,0.3994399309158325,10.460259714838529,0.0,False,14,short,medium
472,0.4428677856922149,0.0,0.0,False,1,short,short
473,0.3792801797389984,15.650266426446771,0.0,False,27,short,medium
474,0.9745796322822572,100.0,100.00000000000004,True,2,short,short
475,0.5875895619392395,11.538844274672694,12.975849993980749,False,29,short,medium
476,0.3778219223022461,16.586807793964027,0.0,False,20,short,medium
477,0.5902695655822754,0.0,0.0,False,15,short,medium
478,0.3329341411590576,10.437086383088763,0.0,False,18,short,medium
479,0.5380157232284546,31.707460621267348,55.03212081491043,False,8,short,short
480,0.5482321977615356,22.85871055847552,31.947155212313625,False,17,short,medium
481,0.6479514837265015,0.0,0.0,False,20,short,medium
482,0.4158242642879486,6.881609967468753,0.0,False,7,short,short
483,0.3049613237380981,6.1273747379743595,0.0,False,26,short,medium
484,0.8221274018287659,61.33898970599546,0.0,False,2,short,short
485,0.3477864265441894,9.215896283429723,0.0,False,28,short,medium
486,0.4308875799179077,4.2144290151633355,0.0,False,6,short,short
487,0.4384442865848541,15.841222100529407,0.0,False,17,short,medium
488,0.4570641219615936,0.0,0.0,False,8,short,short
489,0.4289985597133636,26.92937085100945,55.03212081491043,False,7,short,short
490,0.2172322273254394,19.8202482659304,39.43223765116288,False,13,short,medium
491,0.5833322405815125,0.0,0.0,False,21,short,medium
492,0.3071761727333069,17.683167158292555,8.392229812593097,False,16,short,medium
493,0.4846880137920379,17.771337056959048,0.0,False,6,short,short
494,0.2446872591972351,8.986323342951167,8.745825313180632,False,16,short,medium
495,0.33896204829216,7.912031668553449,0.0,False,9,short,short
496,0.4007336795330047,25.370647237571248,20.556680845025987,False,14,short,medium
497,0.9169121980667114,49.39343237811879,27.516060407455225,False,3,short,short
498,0.3921960890293121,14.140831692436343,0.0,False,21,short,medium
499,0.5803617835044861,0.0,0.0,False,30,short,medium
500,0.3799402117729187,10.27478595595465,0.0,False,18,short,medium
501,0.4580793976783752,12.388539485757263,0.0,False,24,short,medium
502,0.5307037234306335,13.35713883100888,0.0,False,10,short,short
503,0.3793689608573913,18.872815190291565,6.567274736060396,False,19,short,medium
504,0.9785491824150084,100.0,100.00000000000004,True,1,short,short
505,0.2105180472135543,1.8495880522647612,0.0,False,34,long,medium
506,0.5230666399002075,0.0,0.0,False,15,short,medium
507,0.6554218530654907,0.0,0.0,False,14,short,medium
508,0.626014232635498,24.659590374827793,15.97357760615681,False,5,short,short
509,0.6304929852485657,5.218479011995831,10.122592925934278,False,31,short,medium
510,0.3694127202033996,11.085310089477092,0.0,False,10,short,short
511,0.5265599489212036,3.353056002673015,0.0,False,6,short,short
512,0.4361820518970489,26.847036435222787,46.30777161991026,False,8,short,short
513,0.9938889145851136,100.0,100.00000000000004,False,1,short,short
514,0.4070654809474945,5.577015471507768,0.0,False,9,short,short
515,0.9938889145851136,100.0,100.00000000000004,False,1,short,short
516,0.5616429448127747,6.327128375509604,6.567274736060396,False,30,short,medium
517,0.2075359523296356,3.2634039407573554,0.0,False,20,short,medium
518,0.3061499297618866,12.078229421206792,0.0,False,27,short,medium
519,0.3077284395694732,7.813511603710372,0.0,False,42,long,long
520,0.5822713971138,3.747464717315981,6.567274736060395,False,4,short,short
521,0.6220360398292542,0.0,0.0,False,17,short,medium
522,0.514215886592865,0.0,0.0,False,25,short,medium
523,0.3668778836727142,11.47921158540093,0.0,False,6,short,short
524,0.4358128607273102,0.0,0.0,False,11,short,short
525,0.2820570766925812,13.01758257806062,0.0,False,28,short,medium
526,0.3557033836841583,9.231220575098623,0.0,False,16,short,medium
527,0.8512139916419983,45.012767207664666,49.99999999999999,False,3,short,short
528,0.5390216112136841,21.5487790764233,1.8315638888734187,False,5,short,short
529,0.3577766418457031,9.971296145221327,0.0,False,37,long,medium
530,0.7951233983039856,0.0,0.0,False,4,short,short
531,0.550532877445221,20.456838758183743,34.57207846419409,False,9,short,short
532,0.9821400046348572,100.0,100.00000000000004,True,1,short,short
533,0.4882759153842926,0.0,0.0,False,7,short,short
534,0.6288447976112366,8.333333333333332,0.0,False,1,short,short
535,0.5594106912612915,7.505435561342412,0.0,False,2,short,short
536,0.4830669462680816,22.797439288628663,27.516060407455225,False,6,short,short
537,0.6023129820823669,3.563974748171657,2.224972978585352,False,19,short,medium
538,0.4774817228317261,9.76448158537256,0.673794699908547,False,6,short,short
539,0.5233353972434998,20.76153639199324,10.122592925934278,False,11,short,short
540,0.7497265934944153,0.0,0.0,False,8,short,short
541,0.7062456607818604,9.325093565125137,15.97357760615681,False,10,short,short
542,0.6090151071548462,2.1828358208955225,2.489353418393197,False,4,short,short
543,0.5847487449645996,18.259027785043585,8.116697886877475,False,7,short,short
544,0.3538034558296203,8.40124108698332,0.0,False,15,short,medium
545,0.9850258827209472,100.0,100.00000000000004,True,1,short,short
546,0.4036447703838348,5.639097744360902,0.0,False,2,short,short
547,0.7141909599304199,0.8980204501141499,2.664321121388895,False,13,short,medium
548,0.6623852849006653,0.0,0.0,False,10,short,short
549,0.6265773177146912,26.725226109865147,30.79300751569293,False,7,short,short
550,0.5366174578666687,0.0,0.0,False,2,short,short
551,0.6732026934623718,0.0,0.0,False,9,short,short
552,0.7308234572410583,30.67492753370329,23.206041459353084,False,6,short,short
553,0.6869509816169739,6.679389312977098,27.516060407455225,False,2,short,short
554,0.5154643058776855,6.768220617352612,0.0,False,6,short,short
555,0.424519807100296,8.601595351673032,18.39397205857211,False,3,short,short
556,0.3447434604167938,11.53688796477732,0.0,False,12,short,short
557,0.4623691439628601,10.38572504829423,4.8184979696966455,False,25,short,medium
558,0.6223921775817871,24.861535081676543,59.460355750136046,False,7,short,short
559,0.9780864119529724,100.0,100.00000000000004,False,7,short,short
560,0.801808774471283,6.724303554274735,27.516060407455225,False,2,short,short
561,0.6972009539604187,36.029411544507454,15.97357760615681,False,3,short,short
562,0.2642270624637604,0.0,0.0,False,4,short,short
563,0.5744050145149231,8.199508554604765,0.0,False,5,short,short
564,0.4681342542171478,15.434893434630547,0.0,False,3,short,short
565,0.3980928361415863,15.724491808242858,19.716118825581447,False,8,short,short
566,0.4998981654644012,13.197186294244176,0.0,False,14,short,medium
567,0.9828262329101562,100.0,100.00000000000004,False,6,short,short
568,0.4029698669910431,11.053515004283245,0.0,False,7,short,short
569,0.4788584411144256,14.943575012281906,0.0,False,8,short,short
570,0.6191267371177673,22.532816277399352,19.716118825581447,False,8,short,short
571,0.4098374843597412,6.9399433451352746,0.0,False,6,short,short
572,0.3742006719112396,10.337021752595463,0.0,False,25,short,medium
573,0.5622150301933289,4.173618583759172,12.44023474812678,False,11,short,short
574,0.6546964049339294,24.805888207415215,0.0,False,9,short,short
575,0.4151957929134369,7.85340437860437,0.0,False,4,short,short
576,0.4352336823940277,16.380491759654678,0.0,False,14,short,medium
577,0.446980744600296,8.394375496031211,0.0,False,8,short,short
578,0.3493548333644867,25.69766435313178,39.43223765116288,False,3,short,short
579,0.509507417678833,31.16758935811026,15.97357760615681,False,4,short,short
580,0.443360298871994,31.81586367268215,16.70067963244422,False,8,short,short
581,0.5698603987693787,10.469999871887074,0.0,False,14,short,medium
582,0.756965696811676,17.701150751097288,16.233395773754946,False,14,short,medium
583,0.4946688711643219,0.0,0.0,True,1,short,short
584,0.375524491071701,11.066199290503713,0.0,False,29,short,medium
585,0.4160003960132599,16.749936459064045,16.784459625186194,False,13,short,medium
586,0.3985945582389831,22.01709027162896,6.837203339116283,False,18,short,medium
587,0.565593957901001,8.534157015049516,5.268383925450455,False,27,short,medium
588,0.3616664707660675,8.894294485171416,0.0,False,5,short,short
589,0.2464958727359771,2.5849327225343575,0.0,False,7,short,short
590,0.4903784692287445,19.85927176516175,28.254432923044853,False,7,short,short
591,0.5155124664306641,16.725121450475303,0.0,False,6,short,short
592,0.5393450856208801,13.100298579152234,0.0,False,9,short,short
593,0.9783805012702942,100.0,100.00000000000004,True,1,short,short
594,0.765709400177002,38.91735179623398,60.653065971263366,True,2,short,short
595,0.700070858001709,23.67528197266204,31.947155212313625,True,3,short,short
596,0.7704843282699585,6.343365553602812,31.947155212313625,False,2,short,short
597,0.4919649064540863,10.61983618233618,8.116697886877475,False,6,short,short
598,0.7535784840583801,20.084776334776333,55.03212081491043,False,3,short,short
599,0.8517231345176697,54.920301843371035,80.91067115702207,False,5,short,short
600,0.5756688714027405,0.0,0.0,False,5,short,short
601,0.7157061696052551,20.588235294117645,49.99999999999999,False,1,short,short
602,0.3890287280082702,18.985651192610632,19.37692912686648,False,9,short,short
603,0.4423914849758148,23.21566128377999,0.0,False,11,short,short
604,0.4588771164417267,6.638788911375003,0.0,False,19,short,medium
605,0.978710949420929,100.0,100.00000000000004,True,1,short,short
606,0.4486959874629974,27.3663958692222,7.12695567709093,False,17,short,medium
607,0.3215405642986297,21.859244712614085,3.5148478313698046,False,29,short,medium
608,0.3076753616333008,9.900962166074288,0.0179787731877776,False,37,long,medium
609,0.429271250963211,0.0,0.0,False,34,long,medium
610,0.383658617734909,13.46418479665634,0.0,False,39,long,long
611,0.4143427014350891,4.6863045141545525,11.15650800742149,False,5,short,short
612,0.979163646697998,100.0,100.00000000000004,True,1,short,short
613,0.9802719354629515,100.0,100.00000000000004,True,1,short,short
614,0.4021900296211242,14.801006125679049,5.876350803261633,False,14,short,medium
615,0.3682722747325897,19.887402550691466,20.24518585186855,False,21,short,medium
616,0.4882609248161316,13.301264286167497,27.516060407455225,False,3,short,short
617,0.2616027891635895,5.590825321955422,9.688464563433238,False,19,short,medium
618,0.4205720722675323,29.35474618747141,0.0,False,4,short,short
619,0.3426495492458343,4.608294930875576,0.0,False,3,short,short
620,0.3817035555839538,13.435580705797593,4.266331692956901,False,45,long,long
621,0.8073373436927795,24.847195088645144,49.99999999999999,False,4,short,short
622,0.323585957288742,10.40730106683757,0.0,False,19,short,medium
623,0.3295404314994812,6.360386701130101,0.0,False,8,short,short
624,0.2535440623760223,3.6822085443045385,0.0,False,23,short,medium
625,0.8074943423271179,0.0,0.0,False,6,short,short
626,0.3334693908691406,9.963998595824537,0.0,False,11,short,short
627,0.3511482179164886,12.34800241535048,0.0,False,30,short,medium
628,0.3077317774295807,13.64768832900982,0.0,False,23,short,medium
629,0.2118435651063919,3.6130346094883503,0.0,False,17,short,medium
630,0.4205901622772217,13.44509277288923,0.0,False,8,short,short
631,0.4814440310001373,5.659851481309136,0.0,False,8,short,short
632,0.3768685758113861,5.230428650419813,0.0,False,14,short,medium
633,0.5496829748153687,0.0,0.0,False,6,short,short
634,0.4574440419673919,9.656865647079654,0.0,False,6,short,short
635,0.4175325930118561,21.122013227256566,12.70331870386537,False,15,short,medium
636,0.6211562156677246,4.285337552742615,8.116697886877475,False,8,short,short
637,0.3953511118888855,18.9711788972484,0.0,False,17,short,medium
638,0.3976284563541412,12.1932713602568,0.0,False,22,short,medium
639,0.2073643505573272,3.5016845778033026,0.0,False,8,short,short
640,0.4092173874378204,10.460717503238056,6.567274736060395,False,14,short,medium
641,0.4278519451618194,0.0,0.0,False,14,short,medium
642,0.3902583122253418,11.814310396786752,0.70335269181743,False,31,short,medium
643,0.470352292060852,0.0,0.0,False,23,short,medium
644,0.3663097620010376,9.030025394340926,0.0,False,23,short,medium
645,0.3768121898174286,18.30791458941386,9.652434877402245,False,25,short,medium
646,0.4089184105396271,0.0,0.0,False,6,short,short
647,0.572977602481842,4.0653210139506815,2.564755813286797,False,32,short,medium
648,0.5754889845848083,10.246478103600737,24.17861497674479,False,38,long,long
649,0.8090824484825134,6.104651162790697,15.97357760615681,False,2,short,short
650,0.918384850025177,49.342609033447104,27.05411345269698,False,8,short,short
651,0.8671245574951172,60.646802078857085,42.7287006396234,False,5,short,short
652,0.7761034369468689,53.80138500991419,46.92470064105599,False,8,short,short
653,0.5395045876502991,33.93449096683604,14.991106946711684,False,20,short,medium
654,0.5710765719413757,4.585163194948092,0.0,False,8,short,short
655,0.4708543717861175,19.027480845166167,15.324196389737152,False,49,long,long
656,0.6590735912322998,12.771598263824298,9.429254736980935,False,18,short,medium
657,0.9966737627983092,100.0,100.00000000000004,True,2,short,short
658,0.9965395331382751,100.0,100.00000000000004,True,2,short,short
659,0.5212845802307129,7.399368587213891,0.0,True,1,short,short
660,0.9928484559059144,100.0,100.00000000000004,True,3,short,short
661,0.987498700618744,100.0,100.00000000000004,True,3,short,short
662,0.9859687685966492,100.0,100.00000000000004,True,3,short,short
663,0.5212845802307129,7.399368587213891,0.0,True,1,short,short
664,0.7329028248786926,4.368955414079078,1.9146030690102511,False,22,short,medium
665,0.4578756093978882,25.8150133164998,6.315134024688132,False,53,long,long
666,0.9719157218933104,29.24913368562299,35.35533905932737,False,3,short,short
667,0.5744829773902893,33.832250129050294,55.03212081491043,False,5,short,short
668,0.2710358500480652,10.387483397748868,5.288136269890176,False,49,long,long
669,0.6244376301765442,0.0,0.0,False,11,short,short
670,0.6622113585472107,20.86478880847303,19.37692912686648,False,12,short,short
671,0.5003398060798645,19.467506773262873,6.7661652521453,False,56,long,long
672,0.4613544940948486,24.335471807931672,9.980099403873664,False,23,short,medium
673,0.9189555048942566,75.25996992906786,75.90994812356263,False,10,short,short
674,0.5969075560569763,18.150428709356387,0.0,False,5,short,short
675,0.7594224214553833,38.122224997225,49.99999999999999,False,3,short,short
676,0.4083909094333648,9.865909558356476,4.456882760699064,False,26,short,medium
677,0.5251202583312988,7.203811580205335,0.0,False,3,short,short
678,0.4450103640556335,24.05602975967194,59.460355750136046,False,4,short,short
679,0.6292364001274109,26.89151277754841,28.254432923044853,False,6,short,short
680,0.7763994932174683,37.61584097082732,23.643540225079395,False,4,short,short
681,0.5521921515464783,0.0,0.0,False,63,long,long
682,0.2500756680965423,9.05942092077359,0.0,False,92,long,long
683,0.1842450946569442,4.799764394090889,0.0,False,87,long,long
684,0.4155621528625488,19.83669437948781,4.196114906296549,False,55,long,long
685,0.5586585402488708,0.0,0.0,False,82,long,long
686,0.3839328587055206,13.061231259097552,0.0,False,67,long,long
687,0.3457344770431518,5.5717460426318866,0.0,False,83,long,long
688,0.3173037767410278,12.57611068083397,0.0,False,67,long,long
689,0.3915457427501678,11.306759074894092,0.0,False,112,long,long
690,0.5489084124565125,0.0,0.0,False,51,long,long
691,0.4470174014568329,23.539400407848508,9.484809685881157,False,79,long,long
692,0.2892427742481231,13.195549270870648,0.0,False,53,long,long
693,0.2974589169025421,8.382551056063122,0.0,False,133,long,long
694,0.3931042850017547,14.44058828944389,3.8292061380205022,False,80,long,long
695,0.298624187707901,9.967462630404166,1.683602693167689,False,68,long,long
696,0.536645233631134,1.2769402032904025,0.9816077559181532,False,74,long,long
697,0.6049081087112427,0.0,0.0,False,68,long,long
698,0.4244575202465057,12.88156695703751,0.7870921666513669,False,64,long,long
699,0.439709722995758,21.549718701097305,3.715939007251811,False,56,long,long
700,0.3336951434612274,10.704352369820176,0.0,False,100,long,long
701,0.4413352608680725,0.4225051656290703,0.3087949756597009,False,100,long,long
702,0.3513627052307129,15.471233026791072,4.605753373926282,False,67,long,long
703,0.3460312187671661,12.738307542680428,0.0,False,97,long,long
704,0.4470179080963135,13.861520462883488,0.0,False,100,long,long
705,0.3670365214347839,14.6200632442289,4.316458149188572,False,98,long,long
706,0.5081989169120789,33.81176705121422,13.19352358563129,False,43,long,long
707,0.3094785809516907,8.784731763193896,0.0,False,76,long,long
708,0.3454488813877105,10.925342222266266,0.0,False,82,long,long
709,0.1683212518692016,1.1637557540818724,0.0,False,105,long,long
710,0.3844082355499267,13.632750128364496,0.0,False,73,long,long
711,0.3086846470832824,3.9705405219389367,0.0,False,44,long,long
712,0.3735448122024536,10.678929779958745,0.0,False,62,long,long
713,0.1626691222190857,1.3637339337991852,0.0,False,114,long,long
714,0.3786533176898956,16.36284837265046,2.8629993657668873,False,25,short,medium
715,0.6390421390533447,0.0,0.0,False,52,long,long
716,0.2880613803863525,8.697255777379324,0.0,False,86,long,long
717,0.5055322647094727,12.24177281771698,3.2880614102801986,False,82,long,long
718,0.2177673876285553,9.812603678102292,0.0,False,52,long,long
719,0.3635769784450531,13.110845192850926,0.0,False,85,long,long
720,0.2657435536384582,4.646498034742572,0.0,False,57,long,long
721,0.4305869042873382,23.218869660339266,9.15148084335734,False,63,long,long
722,0.3069548904895782,15.396091371211048,3.2575541112894566,False,88,long,long
723,0.5672095417976379,0.0,0.0,False,82,long,long
724,0.2586346566677093,4.510887170545132,0.0,False,96,long,long
725,0.380187064409256,11.826120059604287,0.0,False,57,long,long
726,0.3056918680667877,9.357998133554274,2.6682865255867765,False,109,long,long
727,0.3986267745494842,14.330408978613626,4.753622060013117,False,53,long,long
728,0.3591232895851135,11.76902423591288,0.0,False,57,long,long
729,0.3242771327495575,10.383439477132752,0.0,False,67,long,long
730,0.2661598920822143,7.017700653875093,0.0,False,85,long,long
731,0.3693643510341644,17.36264841701854,2.873083195618437,False,51,long,long
732,0.74785315990448,0.0,0.0,False,39,long,long
733,0.3892180323600769,10.026826976454611,0.0,False,43,long,long
734,0.3194967210292816,9.803291724384374,0.0,False,50,long,long
735,0.1303513050079345,1.616488179430188,0.0,False,61,long,long
736,0.3472504913806915,16.75554110879524,4.047850461832034,False,78,long,long
737,0.2963325083255768,6.833175371968066,0.0,False,41,long,long
738,0.467975378036499,0.077930174563591,0.0,False,90,long,long
739,0.2796986997127533,4.953188979197361,0.0,False,99,long,long
740,0.4625556468963623,26.446613864288164,0.0,False,47,long,long
741,0.3332209587097168,9.268013953188898,0.0,False,88,long,long
742,0.4420832097530365,17.544846677231874,3.673526562988939,False,32,short,medium
743,0.2373811155557632,6.630852783975152,0.0,False,45,long,long
744,0.4928971827030182,0.0,0.0,False,84,long,long
745,0.5824731588363647,8.830836057811485,4.545435141870276,False,59,long,long
746,0.386455237865448,10.594563613583109,0.4041065926152656,False,79,long,long
747,0.2371892035007476,2.7695208030017056,0.0,False,85,long,long
748,0.4072903394699096,14.009739941163016,0.0034868740316131,False,97,long,long
749,0.2933284640312195,6.272487409817419,0.0,False,75,long,long
750,0.4707148373126983,26.53892961452453,19.835441454182888,False,51,long,long
751,0.2943759560585022,8.394372287125975,0.0,False,55,long,long
752,0.4470245540142059,0.0,0.0,False,30,short,medium
753,0.3424786031246185,34.32063820671154,51.424016050282646,False,53,long,long
754,0.4309640824794769,12.53409295230418,0.0,False,119,long,long
755,0.377401739358902,13.422812017001984,1.9470723011608924,False,65,long,long
756,0.3846438229084015,4.437165866007458,0.0,False,66,long,long
757,0.5686438083648682,0.0,0.0,False,111,long,long
758,0.3052473366260528,3.953375432977276,0.0,False,77,long,long
759,0.4214250147342682,13.9585741553571,0.0,False,27,short,medium
760,0.3275742828845978,16.449233747965327,2.627961710408444,False,43,long,long
761,0.4496546983718872,20.50193190478628,5.431360807863857,False,56,long,long
762,0.3295613825321197,10.781739304147123,0.0,False,104,long,long
763,0.3289178907871246,14.732314892351033,0.0,False,68,long,long
764,0.3867867588996887,10.67072246015443,0.0,False,57,long,long
765,0.3800523281097412,15.548991726903264,0.0,False,78,long,long
766,0.346104621887207,12.139927637874006,1.2877508368086237,False,168,long,long
767,0.1650342047214508,1.2235505627512426,0.0,False,112,long,long
768,0.3947009742259979,12.625747640905336,0.0,False,75,long,long
769,0.2461214959621429,7.938362664951777,0.0,False,103,long,long
770,0.2405089437961578,5.315816422403541,0.0,False,49,long,long
771,0.3490158319473266,10.965267030526253,0.0,False,118,long,long
772,0.3657528162002563,12.018598187182397,0.0,False,74,long,long
773,0.6164656281471252,0.0,0.0,False,51,long,long
774,0.1646967381238937,0.4384229357921075,0.0,False,63,long,long
775,0.4343470335006714,25.84229361469301,18.1190567407366,False,77,long,long
776,0.4220853447914123,17.584301271098195,5.478531149356608,False,59,long,long
777,0.588684618473053,0.0,0.0,False,67,long,long
778,0.6651301980018616,0.0,0.0,False,45,long,long
779,0.353730171918869,11.615321383422897,0.1364109892565252,False,65,long,long
780,0.4068804085254669,14.96785626598312,0.0,False,89,long,long
781,0.3247789442539215,12.884535218119812,0.0,False,59,long,long
782,0.2736435532569885,5.012922348092886,0.0,False,33,long,medium
783,0.247830718755722,5.5934573965235135,0.0,False,67,long,long
784,0.3540964126586914,12.52800137067021,0.0,False,70,long,long
785,0.2922694385051727,9.792563556550329,0.0,False,83,long,long
786,0.4483118057250976,18.796212316000844,1.4969359393726382,False,62,long,long
787,0.1551747322082519,1.2312083921257946,0.0,False,76,long,long
788,0.6524357795715332,0.0,0.0,False,74,long,long
789,0.3469528257846832,18.694604076082673,5.67967744513558,False,47,long,long
790,0.4160104095935821,22.913681874371967,4.772698862058935,False,71,long,long
791,0.3172602355480194,7.350053598453853,0.0,False,150,long,long
792,0.3939428031444549,0.0,0.0,False,2,short,short
793,0.4800795316696167,3.501065836162047,0.3071386803181805,False,124,long,long
794,0.8746842741966248,25.08318585259505,14.879641171245488,False,5,short,short
795,0.3067839443683624,10.172870688815584,0.0,False,113,long,long
796,0.2371934503316879,7.749564564691146,0.0,False,105,long,long
797,0.3465560674667358,9.266146364327634,0.0,False,133,long,long
798,0.3482192456722259,12.989465445081578,0.0,False,77,long,long
799,0.2610787153244018,9.144643429106855,0.0,False,101,long,long
800,0.2340787649154663,8.18880842345466,0.0,False,101,long,long
801,0.1665552854537964,3.171272945467914,0.0,False,113,long,long
802,0.3143398761749267,10.309464032565009,0.0,False,108,long,long
803,0.5788264274597168,0.0,0.0,False,66,long,long
804,0.3144947588443756,8.562827420346702,0.0,False,86,long,long
805,0.2464630603790283,1.9876042346381575,0.0,False,176,long,long
806,0.3023320138454437,8.321930642884883,0.0,False,108,long,long
807,0.7458736300468445,0.0,0.0,False,1,short,short
808,0.8793719410896301,34.07642556933321,21.86976686325118,False,5,short,short
809,0.2862301468849182,7.901176075887646,0.0,False,146,long,long
810,0.2727676630020141,8.49320393513692,0.0,False,79,long,long
811,0.2979994118213653,9.05809484988846,0.0,False,70,long,long
812,0.2600005269050598,3.3735195231574684,0.0,False,138,long,long
813,0.4082778692245483,16.608440931273392,0.0,False,70,long,long
814,0.1413135975599289,2.959999944859834,0.0,False,51,long,long
815,0.562843382358551,0.0,0.0,False,9,short,short
816,0.3014648258686065,13.21626055129382,18.39397205857211,False,16,short,medium
817,0.4074040651321411,6.666381845209031,0.0,False,6,short,short
818,0.4424889683723449,15.87780989407156,0.0,False,55,long,long
819,0.57024085521698,0.0,0.0,False,14,short,medium
820,0.3549707233905792,16.083439677596033,2.276859592073037,False,41,long,long
821,0.6733770966529846,0.0,0.0,False,12,short,short
822,0.4994608461856842,4.503691034547683,0.0,False,5,short,short
823,0.3097684979438782,2.0418441349142396,0.0,False,12,short,short
824,0.407871276140213,16.329580798929737,0.0,False,54,long,long
825,0.6106804013252258,0.0,0.0,False,33,long,medium
826,0.4435269236564636,0.0,0.0,False,39,long,long
827,0.3852353990077972,13.242527719454358,0.0,False,27,short,medium
828,0.2558411955833435,8.570356086192227,0.0,False,58,long,long
829,0.2549351751804352,5.835800772236575,0.0,False,78,long,long
830,0.2939633429050445,10.193104351966769,0.0,False,34,long,medium
831,0.3225815594196319,11.179240791929931,0.0,False,42,long,long
832,0.4948902428150177,14.231616124548818,0.0,False,13,short,medium
833,0.7154262661933899,0.0,0.0,False,6,short,short
834,0.5268962979316711,3.4090909090909096,0.0,False,2,short,short
835,0.2399575561285019,3.5282288291413777,0.0,False,8,short,short
836,0.6300730109214783,0.0,0.0,False,30,short,medium
837,0.2885303497314453,10.90901433353352,0.0,False,45,long,long
838,0.3809046447277069,2.4509803921568625,0.0,False,2,short,short
839,0.3290028274059295,11.07324510699516,0.0,False,61,long,long
840,0.6368287205696106,0.0,0.0,False,27,short,medium
841,0.5755834579467773,0.0,0.0,False,30,short,medium
842,0.2349803596735,7.317630309931887,0.0,False,94,long,long
843,0.2556572258472442,6.7150239868260995,0.0,False,92,long,long
844,0.3521897196769714,14.477629090315896,0.0,False,46,long,long
845,0.2891601920127868,7.92490062339852,0.0,False,7,short,short
846,0.4495585262775421,10.5854943273906,49.99999999999999,False,4,short,short
847,0.4836152493953705,12.790697674418604,49.99999999999999,False,4,short,short
848,0.2530266940593719,10.59800231203802,0.0,False,59,long,long
849,0.2804421484470367,6.80524090056134,0.0,False,35,long,medium
850,0.476538598537445,2.4212820550405114,0.0,False,45,long,long
851,0.3092980682849884,3.9068850982397727,1.765751677720686,False,32,short,medium
852,0.1726350039243698,5.629598501812276,0.0,False,91,long,long
853,0.3185059726238251,11.525772358572851,0.0,False,58,long,long
854,0.2698353230953216,10.140101373184203,0.0,False,42,long,long
855,0.3780219852924347,13.118186199035785,0.0,False,50,long,long
856,0.3003042340278625,9.222809682457626,0.0,False,63,long,long
857,0.2466457784175872,7.511754670891224,0.0,False,7,short,short
858,0.3925587832927704,11.906136512103611,0.0,False,34,long,medium
859,0.2868876457214355,13.50101789793173,0.0,False,57,long,long
860,0.2984727323055267,9.644305755108917,0.0,False,66,long,long
861,0.2901598513126373,12.289319144007912,9.78237574896145,False,31,short,medium
862,0.4173606932163238,12.59399468952449,5.522397783539471,False,11,short,short
863,0.1692984849214553,1.7190991920233802,0.0,False,25,short,medium
864,0.4067364931106567,15.983110911175096,0.0,False,32,short,medium
865,0.2902927696704864,6.94871286663683,7.160476144948854,False,16,short,medium
866,0.3897298872470855,14.927844150864985,13.741953268935676,False,13,short,medium
867,0.2984852194786072,12.493960967527167,0.0,False,62,long,long
868,0.2836498916149139,7.867517368753398,0.9188415280145904,False,12,short,short
869,0.2325434535741806,5.0708138902900135,0.0,False,73,long,long
870,0.2071350067853927,3.945986496108066,0.0,False,16,short,medium
871,0.7753874659538269,0.0,0.0,False,1,short,short
872,0.3474800288677215,16.751337209604237,7.3140318268287645,False,41,long,long
873,0.3375095129013061,16.549865857639784,0.0,False,41,long,long
874,0.5762799382209778,0.0970496894409937,0.0,False,39,long,long
875,0.3930469453334808,10.567688533509106,0.0,False,54,long,long
876,0.3003301918506622,9.604435533646148,0.0,False,56,long,long
877,0.6465469002723694,0.0973141300116777,0.0,False,38,long,long
878,0.4530805647373199,0.0,0.0,False,51,long,long
879,0.7039138078689575,0.6131207847946045,0.0,False,24,short,medium
880,0.2917466759681701,8.365559027152687,0.0,False,25,short,medium
881,0.3575725257396698,11.804174850359976,0.0,False,39,long,long
882,0.3333874642848968,14.039885943667317,0.0,False,56,long,long
883,0.6341161131858826,0.0,0.0,False,3,short,short
884,0.8026170134544373,0.0,0.0,False,7,short,short
885,0.3870643675327301,17.202172031768836,0.0,False,51,long,long
886,0.3653797209262848,17.441913767346705,0.0,False,53,long,long
887,0.5536807179450989,0.2022653721682847,0.0,False,13,short,medium
888,0.4148495495319366,7.403869336820803,0.0,False,4,short,short
889,0.271028608083725,11.248198880537464,0.0,False,67,long,long
890,0.2986310720443725,5.980967206014641,0.0,False,30,short,medium
891,0.4603507816791534,29.33393333845067,0.0,False,19,short,medium
892,0.3625407218933105,10.223017784838849,5.522397783539471,False,28,short,medium
893,0.5610926747322083,0.0,0.0,False,49,long,long
894,0.4228423833847046,0.0,0.0,False,20,short,medium
895,0.7090306878089905,0.2191060473269062,0.0,False,14,short,medium
896,0.1933204233646392,3.2934132751062988,0.0,False,44,long,long
897,0.2678936719894409,7.801271780704686,0.0,False,82,long,long
898,0.3004095554351806,14.90011866391644,0.0,False,30,short,medium
899,0.1707222908735275,3.7700035718210296,0.0,False,14,short,medium
900,0.6963515877723694,4.230302690264456,0.0,False,18,short,medium
901,0.3239693641662597,13.665339085747114,0.0,False,29,short,medium
902,0.33089280128479,8.960923396546526,0.0,False,47,long,long
903,0.5061954259872437,0.0,0.0,False,44,long,long
904,0.3670902550220489,11.05067227793765,0.0,False,22,short,medium
905,0.287570595741272,17.698922629912662,0.0,False,28,short,medium
906,0.6723372936248779,0.0,0.0,False,15,short,medium
907,0.3190033137798309,13.529247454503087,0.0,False,65,long,long
908,0.3117251992225647,11.909714753979896,0.0,False,26,short,medium
909,0.5875661969184875,4.309091496510726,10.682175159905851,False,5,short,short
910,0.325318306684494,6.437136557270519,0.0,False,6,short,short
911,0.3857320547103882,20.270080482824053,30.326532985631665,False,6,short,short
912,0.2430677562952041,0.0,0.0,False,1,short,short
913,0.3247483670711517,12.44463046014828,0.0,False,61,long,long
914,0.5165064334869385,0.0,0.0,False,17,short,medium
915,0.3049896359443664,14.831120345016116,0.0,False,15,short,medium
916,0.588374137878418,0.0,0.0,False,26,short,medium
917,0.5330172181129456,0.0,0.0,False,16,short,medium
918,0.306169182062149,11.931995103864905,0.0,False,18,short,medium
919,0.4534609615802765,0.0,0.0,False,9,short,short
920,0.4769512712955475,12.671608860465115,0.0,False,9,short,short
921,0.6007658839225769,0.0,0.0,False,30,short,medium
922,0.4250225126743316,16.249022656636043,0.0,False,44,long,long
923,0.5368015766143799,0.0,0.0,False,64,long,long
924,0.3351105749607086,9.51597245002977,0.0,False,19,short,medium
925,0.2926589548587799,7.156429328847875,0.0,False,24,short,medium
926,0.2618523240089416,2.6858240394430055,0.0,False,15,short,medium
927,0.349633127450943,8.775217540561576,0.0,False,25,short,medium
928,0.3343337476253509,12.475849920528526,0.0,False,29,short,medium
929,0.5671780109405518,0.0,0.0,False,33,long,medium
930,0.1724569201469421,5.52893977844203,0.0,False,17,short,medium
931,0.3523211181163788,11.875139825273337,0.0,False,11,short,short
932,0.3921310007572174,12.099263029117978,0.0,False,69,long,long
933,0.4893945753574371,0.0,0.0,False,19,short,medium
934,0.3602177798748016,12.449060579719877,0.0,False,22,short,medium
935,0.3797989189624786,9.822356542879524,0.0,False,27,short,medium
936,0.4881219565868377,1.0999526961186386,0.0,False,18,short,medium
937,0.4918608665466308,0.1726519337016574,0.0,False,14,short,medium
938,0.3276714980602264,10.676352184039152,0.0,False,22,short,medium
939,0.8456007838249207,8.272058823529411,49.99999999999999,False,2,short,short
940,0.8775147795677185,50.71428571428571,0.0,False,1,short,short
941,0.2951426208019256,16.35913227875012,6.191553286648261,False,99,long,long
942,0.3335669338703155,15.968587316915055,0.0,False,69,long,long
943,0.4309298396110534,17.80666125959843,4.990049701936832,False,12,short,short
944,0.1838938891887664,1.341486064475019,0.0,False,3,short,short
945,0.4176074564456939,15.56455808411906,0.0,False,8,short,short
946,0.2326360195875167,4.464273521492697,0.0,False,22,short,medium
947,0.3293546736240387,5.2751366445456265,0.0,False,3,short,short
948,0.3625816404819488,19.63228483844165,8.116697886877475,False,7,short,short
949,0.4178029596805572,2.306483610691714,0.7291698644541256,False,50,long,long
950,0.3386374115943908,9.34368878430593,0.0,False,34,long,medium
951,0.3493517339229584,12.342686875983604,0.0,False,18,short,medium
952,0.4583897292613983,13.361731625663174,3.519686085743608,False,31,short,medium
953,0.5277169942855835,0.0,0.0,False,33,long,medium
954,0.6067225337028503,15.103801017229127,0.0,False,8,short,short
955,0.3352023065090179,13.573721690571888,0.0,False,22,short,medium
956,0.583997905254364,15.155631627129704,10.40059768900531,False,14,short,medium
957,0.5890218615531921,0.1007455168245013,0.0,False,61,long,long
958,0.2888769805431366,10.989883843807029,0.9690650671856618,False,51,long,long
959,0.3903320133686065,21.055700221808426,5.816635421147515,False,51,long,long
960,0.4552193582057953,29.215780794680057,6.772997136689072,False,18,short,medium
961,0.4500329792499542,13.606883604442997,0.0,False,47,long,long
962,0.1853301525115966,3.3880106720531877,0.0,False,35,long,medium
963,0.3857853710651397,14.24384873958879,2.0540268312306345,False,35,long,medium
964,0.3712967932224273,19.131240916914987,6.567274736060395,False,10,short,short
965,0.3314927220344543,9.63524042850391,0.0,False,20,short,medium
966,0.313994824886322,11.567364796881357,3.3495035708457803,False,44,long,long
967,0.2487823963165283,5.696133250123093,0.0,False,91,long,long
968,0.2898836433887481,14.597116941071544,7.547088468321847,False,69,long,long
969,0.2473833262920379,9.937266029229312,1.5061893230938672,False,24,short,medium
970,0.4063043594360351,22.148047477242574,3.4585921141027365,False,38,long,long
971,0.5784663558006287,2.260711419022885,1.3699439807202476,False,52,long,long
972,0.3138997256755829,10.49441896355692,0.0,False,79,long,long
973,0.5168614983558655,7.2873378341673165,0.0,False,14,short,medium
974,0.4226011931896209,12.319941867699065,0.0,False,21,short,medium
975,0.3544427454471588,17.706386238044928,1.509869171115925,False,39,long,long
976,0.3447743058204651,10.301814684639222,0.0,False,20,short,medium
977,0.5153800249099731,0.0453226976069615,0.0,False,76,long,long
978,0.4803986847400665,16.790106252584554,0.0,False,28,short,medium
979,0.314327985048294,9.593127785832344,0.0,False,18,short,medium
980,0.4115830957889557,16.910693379713507,2.6341919627252284,False,51,long,long
981,0.6148359179496765,3.880476137292324,1.8160849415439309,False,17,short,medium
982,0.4038400948047638,17.834976063163793,14.794015674776452,False,30,short,medium
983,0.7851889729499817,0.2405002405002404,0.0,False,15,short,medium
984,0.4507061839103699,14.674698590347434,3.737437943747671,False,18,short,medium
985,0.1511927396059036,7.166201364469936,18.39397205857211,False,27,short,medium
986,0.3971635997295379,10.048671411839967,0.0,False,10,short,short
987,0.4294793903827667,6.419657932146435,0.0,False,6,short,short
988,0.3415401875972748,15.863891672260271,3.386498568344535,False,22,short,medium
989,0.3311105966567993,11.77172653856651,0.0,False,45,long,long
990,0.4862689971923828,2.1139577882780576,0.0,False,80,long,long
991,0.6418699026107788,17.381044445765546,20.04897675855069,False,40,long,long
992,0.277641624212265,10.849776987708616,2.4159653599212296,False,72,long,long
993,0.4202847480773926,8.069024693490553,0.0,False,8,short,short
994,0.2748602628707886,11.241410933379615,3.217409328795944,False,72,long,long
995,0.372237354516983,17.70299763116081,0.0,False,22,short,medium
996,0.540574848651886,0.43859649122807,0.0,False,11,short,short
997,0.3453398942947387,13.952457747118288,7.545383788761362,False,25,short,medium
