segment_id,COMET,chrF++,BLEU
0,0.9303004145622253,56.17044072344443,53.29462628216855
1,0.6252527832984924,29.257480474970833,5.522397783539471
2,0.6381389498710632,24.870951230440433,6.204308159428349
3,0.5895426273345947,28.63547216860802,3.971888885707489
4,0.4522663652896881,12.574157372014463,0.3506318297671793
5,0.7947096824645996,32.6107213676374,12.59459119914827
6,0.6169814467430115,23.083449432619506,6.988198185490689
7,0.41546520590782166,16.84768289888575,1.0295795878165188
8,0.5103338360786438,18.213186884250355,1.068532437736609
9,0.4376493990421295,21.10376247452114,0.8883464082954126
10,0.7889202833175659,28.462223740544513,23.09503728212329
11,0.7115837931632996,21.93373157491275,0.0
12,0.5129173994064331,26.904012214775285,1.9658630590090866
13,0.46280837059020996,16.949185926901965,0.0
14,0.5116035342216492,15.589022501160638,0.7515209354665671
15,0.4593096971511841,22.298973611982404,3.500750561345798
16,0.47254303097724915,26.810398297054412,2.407346922596909
17,0.45993560552597046,21.55510963380866,2.157510121575097
18,0.4399201273918152,16.959465028462656,0.7553480341282766
19,0.479995995759964,22.736573187054844,4.456882760699064
20,0.5059753656387329,25.092906122376625,0.0
21,0.33806881308555603,12.759601782019688,1.2872038491745503
22,0.48382294178009033,22.790866245911097,1.0449986923344108
23,0.4387146830558777,15.755868341243712,0.40397561180760727
24,0.33605289459228516,15.3783350536323,0.6809572489269953
25,0.377038836479187,14.858344464119067,0.7619762691987558
26,0.3608628511428833,13.954185900837274,2.3788503848266394
27,0.4781654179096222,19.5777011412609,1.0518639956354976
28,0.4577817916870117,22.184327941665266,1.3565704153952962
29,0.40692338347435,17.71885502938591,1.0952083604308251
30,0.4100138247013092,20.20639258584556,2.2266617638454975
31,0.3848850429058075,20.203078130812393,1.9204766356006142
32,0.44174060225486755,19.20180852383738,2.0018796078701695
33,0.3818090260028839,17.225878731326354,1.0675768631106382
34,0.3518300950527191,10.730819610613798,0.7776621339520332
35,0.5373290181159973,28.009732427567002,2.6304342374990943
36,0.43873366713523865,14.570536644560045,0.959641509636166
37,0.3589005172252655,15.970949613616819,1.741825833799373
38,0.30343523621559143,8.631386949204312,0.0
39,0.49541279673576355,17.302365974219708,4.167251645138561
40,0.4960603415966034,22.341752987272915,0.9335162818104253
41,0.4277615547180176,14.807533670630658,0.3710921094023893
42,0.4831787645816803,17.322985981827223,0.6479595903826559
43,0.44836995005607605,20.17926070860356,3.7477767366779213
44,0.43831995129585266,24.16882906771867,1.162077632547417
45,0.44338229298591614,21.633560785834838,1.7312204767400707
46,0.350253164768219,12.533793429126028,0.0
47,0.4916417896747589,21.114077344684286,0.8261199955465021
48,0.5205700397491455,31.45154140556043,2.7425380495222047
49,0.44288310408592224,30.227102550555134,7.198169585307327
50,0.5343033671379089,36.16584647048202,3.9094870602888716
51,0.39171454310417175,21.13889817035221,1.1966739531758412
52,0.43652012944221497,17.459714002963583,1.0681813681079426
53,0.48425665497779846,19.998912741452692,1.9628587427109885
54,0.47506406903266907,19.363373245046102,1.0126598369158795
55,0.4200262129306793,15.06952322726457,0.7197129413978522
56,0.23546697199344635,1.5033321223720297,0.0
57,0.6997264623641968,19.975609123236875,2.7005617565085704
58,0.4407292604446411,28.61562070755395,3.5990847926536635
59,0.647110641002655,17.264358965711065,1.5234719529996685
60,0.4840657711029053,19.22138450081074,0.791603808496114
61,0.49029555916786194,25.04031361032316,1.4333000127883408
62,0.5311568379402161,15.959218812773573,0.48938942440383476
63,0.655860960483551,20.600215072537438,1.0535550949298655
64,0.48500651121139526,22.996221664068315,1.2744039505750158
65,0.40272143483161926,18.617332230033057,0.6327531477003768
66,0.41256430745124817,12.63807194601007,3.3495035708457803
67,0.49325031042099,24.958122139982343,3.2345923297735237
68,0.3942264914512634,18.964668632035327,0.702648297901856
69,0.7155487537384033,46.84623660214066,27.22589423069702
70,0.521573543548584,22.813651340276493,3.7644257151903666
71,0.5017879009246826,29.04486167182958,3.1331109054407613
72,0.4354007840156555,19.649434514484803,1.7809196933580322
73,0.4080420434474945,21.115535797914887,1.784759136323716
74,0.5516002774238586,23.666785029970814,1.5633906175520491
75,0.46494749188423157,27.244960778070755,2.6479620122695744
76,0.6235302686691284,32.98852882406064,2.9799893137327635
77,0.3881036341190338,25.609009915393262,1.336827694880125
78,0.5551868677139282,25.014071848641816,4.237713199752784
79,0.4378027319908142,16.056916047993457,1.286713095960916
80,0.4461941123008728,19.894917314854535,1.6708257509391633
81,0.29813164472579956,10.521916953823181,0.8819695188669574
82,0.33162084221839905,11.787309645327214,0.6947795847108821
83,0.4650522768497467,20.130942451118656,0.7287306824535037
84,0.33972254395484924,6.510958455738214,0.6044751875664687
85,0.4817640483379364,25.46889898344783,1.8804896237194968
86,0.6485140919685364,23.76222839386048,3.737437943747671
87,0.6987768411636353,30.490391611471278,3.716499092256818
88,0.370784193277359,11.457564509104474,1.123099644603982
89,0.24806144833564758,12.536212450074768,0.573247797901314
90,0.515587568283081,20.902715140990992,1.988541523242252
91,0.44364699721336365,19.41907069727509,1.2760907688564487
92,0.5543532967567444,30.395595544735592,3.802351022611669
93,0.5152565836906433,28.28316360172861,2.0398734695274308
94,0.5218169093132019,25.60290645529026,8.392229812593097
95,0.4043865501880646,16.207935170300132,1.2753998269755913
96,0.3764248788356781,14.854238654573395,0.42175091943057996
97,0.3472925126552582,14.861120605887812,0.9123388756847499
98,0.35774660110473633,15.486075385863751,0.7395751337164523
99,0.4727054536342621,15.676524471358311,2.3547653529958312
100,0.3925204575061798,12.30325009226471,0.5985328655667373
101,0.4281919300556183,11.603636599216559,0.2788323493975152
102,0.5385122299194336,16.37946144519439,2.853183878886449
103,0.4854179322719574,23.84258661183611,4.150547731411289
104,0.5435048937797546,33.1365971538397,5.166045454134253
105,0.5189297199249268,17.11093870658026,0.9169686140009524
106,0.5756663680076599,23.677775179466813,1.3850830595404091
107,0.5262409448623657,23.69990545746958,2.0483485016373746
108,0.49776771664619446,17.847719449229736,1.7025847646367231
109,0.36969515681266785,18.06025748582795,0.9896324688555467
110,0.4108920991420746,19.930706220447778,1.7790294759262462
111,0.5391538739204407,2.629395896163525,0.6707779171875278
112,0.44877520203590393,17.541136293292535,2.908317710573758
113,0.4834476411342621,18.61026919267109,2.2869567780619007
114,0.5040995478630066,22.94595344097952,2.1366487289112728
115,0.5434296727180481,16.457623786139187,0.5839027125507325
116,0.3623604476451874,10.074613315629053,0.6371624499564389
117,0.47426435351371765,20.9671721496435,1.6655497133943253
118,0.5627900958061218,30.317299398165215,6.736701124070602
119,0.45390066504478455,22.66738182418537,1.8804896237194968
120,0.40388575196266174,13.912626724831092,2.9275822595890535
121,0.5259997248649597,22.64870086014533,1.6063634295187803
122,0.6525254845619202,28.34194044423444,2.3002706932486157
123,0.5923849940299988,20.54123193010171,1.2037720688339202
124,0.521247923374176,17.415013760960683,0.8831145679188515
125,0.5731646418571472,28.73418262663846,3.657993333229942
126,0.5521891713142395,18.91915574753777,0.8784377674070816
127,0.5701515078544617,25.674697506754203,1.2744039505750158
128,0.503732442855835,20.519484479280294,1.2527565064861317
129,0.377250999212265,11.012213635668221,0.7530043820009026
130,0.732671320438385,33.77699041356084,6.551247989407595
131,0.5407426953315735,21.921743053757858,2.996515740268936
132,0.5922871232032776,22.673754308459028,4.990049701936832
133,0.4890364110469818,19.293311134850715,1.0475808601826655
134,0.5688632130622864,23.42289025012041,1.6544781464312732
135,0.5794291496276855,16.893168043162657,0.989581203002948
136,0.2387571632862091,8.291663605855886,0.30444957354006763
137,0.46895280480384827,20.247435614724754,2.0265885297946156
138,0.5408230423927307,26.168534870790182,2.558056031202496
139,0.493200421333313,27.617978986358654,2.1807265362294386
140,0.5234066247940063,21.99363483357681,1.8641479422185863
141,0.5616708397865295,18.509187173771455,1.007248711034927
142,0.5832491517066956,23.490696696459125,4.990049701936832
143,0.4182659089565277,20.316198835236797,4.985950154853139
144,0.5318872928619385,27.613276414556836,3.446939265483855
145,0.4528728425502777,15.878391423944013,0.49337546225965395
146,0.5153635144233704,19.05837052120975,1.1538906897461891
147,0.7498068809509277,29.887934959637974,3.9253456897493937
148,0.3523423373699188,20.915754584408365,1.1239503708631486
149,0.3391624391078949,18.012687032838283,1.8374161208658897
150,0.5177116990089417,18.440298290365376,1.0755798168739934
151,0.5925402641296387,21.889661683649493,2.0398734695274308
152,0.48377734422683716,24.810461409441032,10.331916039522666
153,0.4993645250797272,29.36303085151362,1.4491339833989647
154,0.5388005971908569,16.924312316050543,0.9190804722413353
155,0.5476070642471313,19.23268975326434,2.1671320168371846
156,0.4386129081249237,14.448247577750681,4.654169082794504
157,0.5054236054420471,14.199761534040062,1.184949136625139
158,0.5005730986595154,16.543522782782645,2.1476912089159055
159,0.5597830414772034,16.098409964548217,0.0
160,0.7288777232170105,33.8235294117647,0.0
161,0.5202122330665588,9.67900610123732,8.116697886877475
162,0.37394994497299194,2.884615384615384,0.0
163,0.5978586673736572,7.025626640697771,10.682175159905853
164,0.5648157000541687,9.743317496880701,0.0
165,0.501671552658081,14.01256332349132,2.908317710573758
166,0.424972802400589,11.53429593992687,2.445593937240363
167,0.8740410208702087,67.96166760880622,72.83860464220109
168,0.5535009503364563,12.504189115755876,6.567274736060395
169,0.5502797365188599,19.702298276650364,9.535414040914189
170,0.570475697517395,19.156502537435376,3.1221929756173616
171,0.3775961697101593,14.48679983912001,0.9044512123285878
172,0.5145584940910339,12.321125034031203,0.0
173,0.5574396252632141,19.01006298504437,2.482548444638528
174,0.614739716053009,22.98145278280278,3.773564529272586
175,0.5503528714179993,16.027322435713607,5.061867434834413
176,0.6905784010887146,35.014850001569464,10.735252131161188
177,0.7045119404792786,58.86263351061084,43.68363644461544
178,0.37415412068367004,7.677431689694984,0.0
179,0.41348716616630554,23.203665347999326,4.666753242533752
180,0.5893673896789551,17.855153972220684,12.217114537124342
181,0.6053634285926819,22.369026989116637,1.6207525738139132
182,0.4622913897037506,20.76754695048842,1.876599998701442
183,0.4194450080394745,13.633793233172684,7.495553473355842
184,0.4318920075893402,17.270836975104075,0.9335718557371326
185,0.3961193263530731,19.70717748613814,1.563410380370637
186,0.3352286219596863,12.213269928233093,0.5982691777384418
187,0.5142781138420105,19.014146229515752,1.329922644089546
188,0.6503387689590454,15.38336326027577,5.061867434834413
189,0.8635236620903015,29.67080487413851,21.444097124017667
190,0.5525345802307129,27.041346649025094,4.312903019642886
191,0.4616864025592804,22.065302977374362,1.6934096677198087
192,0.6269536018371582,15.239757049911157,1.9582248325011242
193,0.47744932770729065,17.48132204209912,2.0540268312306345
194,0.46435797214508057,12.36039206681562,4.196114906296549
195,0.41684335470199585,12.630509397722653,1.5880117714047368
196,0.45288214087486267,14.308932519927566,1.2873491771359837
197,0.3747057616710663,13.43926321957031,2.458476536482737
198,0.5620192885398865,39.07763554280707,22.73070404638234
199,0.46107280254364014,3.0103154774455816,0.0
200,0.6244392991065979,17.469744616539113,2.55404966647159
201,0.566511332988739,15.037518056145238,1.9108871956733893
202,0.5110169053077698,17.261651076418314,1.8709718017288024
203,0.4645938277244568,17.716325250405845,1.5301683686839005
204,0.6217036247253418,24.57240235427407,4.990049701936832
205,0.46981868147850037,19.299174385080658,3.197383344450448
206,0.5770500302314758,19.399155357322105,2.6737739141846273
207,0.4227425754070282,17.821696301411034,3.0098043843528286
208,0.5003741979598999,9.576140290359243,2.812739937159535
209,0.7336332201957703,22.173526176095066,9.469167282754096
210,0.5769438743591309,23.134948230564913,4.108053662461269
211,0.4657320976257324,18.600968144452466,1.0312019115847757
212,0.4351041316986084,15.320908799645894,1.052923339622545
213,0.6961187124252319,42.69882885325209,21.3643503198117
214,0.4692274034023285,14.942006646374335,4.196114906296549
215,0.42781537771224976,14.751517890248422,5.522397783539471
216,0.5759068131446838,33.823329316542825,11.044795567078939
217,0.5195978879928589,21.00334570595108,9.138402379955025
218,0.5174196362495422,35.390346423694204,13.950796967929131
219,0.5550205111503601,14.379325708229107,6.770186228657867
220,0.5278244018554688,11.115612291634859,4.196114906296549
221,0.8131102919578552,40.55718874555525,13.134549472120788
222,0.45973503589630127,14.972143766724466,4.456882760699064
223,0.4231400191783905,10.716002747252745,0.0
224,0.4651443660259247,13.460611885750732,2.075273865705644
225,0.44713136553764343,15.159764818723012,1.205256842736819
226,0.7576825022697449,59.64511359348563,60.83472352079767
227,0.3415583074092865,9.628451930493524,1.1599713834969503
228,0.5629745721817017,16.87375692520924,7.545383788761362
229,0.8160268068313599,57.59804840328974,51.39760818657071
230,0.9104055762290955,32.299553457451346,42.7287006396234
231,0.8057911992073059,13.565219157303886,0.0
232,0.6354365944862366,17.560998716528083,0.0
233,0.5719331502914429,15.032155784223983,7.545383788761362
234,0.6361106038093567,18.667171181869083,1.3355980882200826
235,0.48067736625671387,20.300330227790205,1.252143927031557
236,0.5400119423866272,17.0187727836866,1.123099644603982
237,0.387687087059021,14.774398669685443,0.6371624499564389
238,0.5412867069244385,17.217638776918346,1.022951633574269
239,0.5217199921607971,9.04406788404486,1.0559717178170818
240,0.5594418048858643,33.52099055111041,6.0745880708766835
241,0.6413672566413879,15.945688825133441,6.844195245453219
242,0.4445767104625702,13.897675566405868,1.5880117714047368
243,0.519575297832489,18.655780685250782,1.1169266878355417
244,0.4282219707965851,13.68061365998231,0.869729662980301
245,0.37761664390563965,11.14066627801825,0.6488583831481832
246,0.44446462392807007,16.556294743444465,1.4500372328365223
247,0.49986788630485535,24.74282705166795,2.285545578383033
248,0.48708245158195496,18.453874838524253,3.2674392554094
249,0.44834208488464355,20.16108954922488,4.100530090638893
250,0.55213463306427,16.757490509431644,2.292084231617577
251,0.5489794015884399,27.168478974688597,5.6332622974871835
252,0.3587731420993805,13.791474983738548,1.7911710595643588
253,0.3905428349971771,16.8883604951331,3.125190763972442
254,0.4816051125526428,9.814049586776859,10.682175159905853
255,0.47061988711357117,15.10842815718535,2.0705706652424007
256,0.717200517654419,27.900069445172527,7.528851430380733
257,0.9935986995697021,100.0,100.00000000000004
258,0.5233872532844543,18.527420612925777,3.125190763972442
259,0.39521482586860657,10.536827628933903,3.3864985683445354
260,0.19635708630084991,9.779125511770115,2.0728788543695646
261,0.5313836336135864,13.816439798834809,2.8398387225677895
262,0.9935986995697021,100.0,100.00000000000004
263,0.31609660387039185,7.28658355485796,0.0
264,0.6188666224479675,26.360874531995055,16.784459625186194
265,0.9864111542701721,100.0,100.00000000000004
266,0.5931285619735718,18.076838585551094,6.054506513220935
267,0.9935986995697021,100.0,100.00000000000004
268,0.5192592144012451,20.62909734936234,3.8692071170922646
269,0.46251389384269714,18.43110589879671,1.8884748972625875
270,0.548054039478302,17.520679078121844,4.990049701936832
271,0.6138687133789062,16.333475980502488,8.745825313180632
272,0.4534739553928375,14.594446392536394,0.9668670750672484
273,0.6815226674079895,12.224154657908944,6.567274736060395
274,0.49380776286125183,20.03852464834888,1.317310864488728
275,0.4225385785102844,6.649906739112804,14.127216461522432
276,0.559604823589325,25.8886520988774,6.453034104369252
277,0.5269270539283752,18.600242447537475,4.108053662461269
278,0.7332481741905212,27.465902715927708,1.8315638888734187
279,0.35975322127342224,6.264420522450524,0.0
280,0.6011908054351807,8.070226591136286,0.0
281,0.5318894982337952,16.607358077985058,3.7477767366779213
282,0.4964284598827362,12.495356168804147,2.452471008337642
283,0.42048153281211853,11.137307165447634,3.7477767366779213
284,0.41647282242774963,15.059769239583579,2.1571707399614235
285,0.4454486668109894,0.6957376442243933,1.1599713834969503
286,0.8112848401069641,11.257358843992506,6.971729121692201
287,0.30543145537376404,10.881636557827106,1.315429400357991
288,0.9915819764137268,100.0,100.00000000000004
289,0.41842058300971985,7.4224773795589245,0.0
290,0.5159282088279724,16.848029728209394,1.8709718017288024
291,0.4529929757118225,16.029684119780132,2.2869567780619007
292,0.2641337513923645,3.2753819177735357,0.5657759656209536
293,0.9922161102294922,100.0,100.00000000000004
294,0.483197957277298,27.51257551810282,6.567274736060396
295,0.5198450684547424,12.661687321121804,1.8709718017288024
296,0.6030111312866211,22.610332999613348,8.116697886877475
297,0.5320449471473694,11.528249818658304,8.745825313180632
298,0.7011113166809082,35.109059352317225,4.406306339938217
299,0.5551007390022278,5.729838709677418,0.0
300,0.7814509272575378,39.15879450953652,30.14335251508215
301,0.6191892027854919,24.304582968556684,6.256118460580958
302,0.49441900849342346,18.211278317016426,4.319402267866687
303,0.7011203169822693,27.480571220660156,3.9645132534206877
304,0.9034526944160461,66.06430060306482,45.48019047027906
305,0.6527330279350281,32.32937421750426,5.431360807863857
306,0.4280657470226288,14.471095988957265,2.7162118995714084
307,0.5190451145172119,15.76941571826227,1.2350387043213578
308,0.5082725882530212,23.935577456396388,4.767707020457095
309,0.9618783593177795,100.0,100.00000000000004
310,0.8889110684394836,33.442528058832046,16.807407519804237
311,0.5664880275726318,18.025093054205758,2.3372496156461087
312,0.9767783284187317,100.0,100.00000000000004
313,0.32208192348480225,9.880638196397374,2.2869567780619007
314,0.8868739008903503,56.27886002886003,55.03212081491043
315,0.5094839930534363,9.999002985986683,1.6466642419110007
316,0.6181915998458862,13.838925116095204,3.0890553181566975
317,0.4955311715602875,23.611072901240583,9.833906145930948
318,0.7474875450134277,15.004374759287343,7.809849842300641
319,0.49636510014533997,16.14269753786657,4.456882760699064
320,0.6455449461936951,14.171132687096478,4.196114906296549
321,0.21737545728683472,3.5603484238979632,0.0
322,0.5024024248123169,10.662705738658259,2.4160274660569665
323,0.4114857614040375,13.12624411266709,0.8864914124518566
324,0.4417641758918762,17.694399836003868,1.6961343903963388
325,0.6602982878684998,4.7268122614800685,1.0252700948467086
326,0.5457594990730286,12.99174165454292,1.7179060012299232
327,0.4643893241882324,19.227472538972386,3.673526562988939
328,0.3876382112503052,15.817874685849597,3.3337449830272976
329,0.4428319036960602,14.159411378439804,2.627961710408444
330,0.5008123517036438,25.41517790341376,2.019385597421733
331,0.4707402288913727,19.11247852967136,4.266331692956901
332,0.5816239714622498,31.661968577734612,6.2931739244581335
333,0.5532110333442688,18.43191486362538,1.5784309053930103
334,0.7215700149536133,27.867166829691843,2.4623373672221804
335,0.446527361869812,23.769095332973894,2.4623373672221804
336,0.3970707356929779,15.485590820859155,4.515183688171633
337,0.6739225387573242,9.451077341691825,5.693025330278465
338,0.3253604471683502,12.213755623797686,0.952597016640547
339,0.4752272963523865,8.837158726166646,3.4162113597999784
340,0.5309069752693176,19.509051098515894,2.908317710573758
341,0.5246155858039856,12.899467376830891,8.116697886877475
342,0.32024046778678894,8.798249088298634,5.522397783539471
343,0.580091655254364,20.77728954717755,4.319402267866687
344,0.615300714969635,10.54028427106719,0.0
345,0.4567711055278778,29.59316435973723,3.3864985683445354
346,0.890083909034729,11.363636363636363,49.99999999999999
347,0.598014771938324,26.149013548776693,3.234245292096216
348,0.5037614107131958,6.359136641327179,2.853183878886449
349,0.3953690826892853,6.025946805435096,12.44023474812678
350,0.8723796010017395,33.69336154724329,9.652434877402245
351,0.6119728684425354,28.08898732832053,5.0912128230977505
352,0.3621000349521637,8.415969051007242,0.0
353,0.5025944709777832,17.584258245071954,1.5880117714047368
354,0.5383936762809753,18.789501988254862,9.652434877402245
355,0.5601123571395874,13.444292300193322,3.0890553181566975
356,0.5152187943458557,11.601712566440717,2.4074859035470344
357,0.4734575152397156,5.7796550784778615,6.567274736060395
358,0.4845964014530182,14.05301992799513,1.6338984401221652
359,0.42430412769317627,9.034863860713722,0.0
360,0.5499206781387329,17.854712272971536,3.0272532566104675
361,0.5481844544410706,13.939632943505678,3.21858262703621
362,0.6609742045402527,27.672517220716486,12.70331870386537
363,0.3981426954269409,7.322531192966316,0.0
364,0.589195191860199,19.81740402448877,2.2869567780619007
365,0.6310498118400574,10.439183941709802,3.7477767366779213
366,0.5409989953041077,14.111671438722183,2.908317710573758
367,0.4813312292098999,13.225767086642303,2.0705706652424007
368,0.4321882724761963,20.540782564956515,2.5507996539511826
369,0.6462099552154541,10.590271077491757,10.122592925934278
370,0.5232250690460205,11.843106372864153,4.069582841180383
371,0.6168089509010315,22.332184894744653,4.065425428798724
372,0.5406046509742737,31.421595385435523,4.780204393760627
373,0.6451859474182129,18.078802696387033,3.0268675397150564
374,0.42240414023399353,31.399445735514337,21.3643503198117
375,0.438833087682724,14.711661633464068,4.767707020457095
376,0.46194955706596375,18.33013397385106,1.8264728862681343
377,0.8067263960838318,11.737404981764755,0.0
378,0.5569495558738708,28.085922074629877,8.116697886877475
379,0.4677453637123108,48.490161676511065,30.266437266858635
380,0.5355696082115173,11.025289537754258,1.387819277861591
381,0.6039102673530579,10.98063793793421,2.2869567780619007
382,0.5116263628005981,18.18614195889236,3.0890553181566975
383,0.4728167653083801,7.159394276049611,0.0
384,0.5303332209587097,7.942913173375183,8.116697886877475
385,0.47482454776763916,26.91852601920776,4.990049701936832
386,0.5147347450256348,15.30127634854243,3.0098043843528286
387,0.9922087788581848,100.0,100.00000000000004
388,0.7081325650215149,47.685724533202226,22.772101321113862
389,0.4611188471317291,12.093768713082682,2.8398387225677895
390,0.49952831864356995,10.904256133794835,8.116697886877475
391,0.5226356983184814,21.87645866339555,1.8884748972625875
392,0.5663455128669739,13.809546756350633,3.0890553181566975
393,0.5024521946907043,1.6335309474390474,1.184949136625139
394,0.5267080068588257,15.225556562804316,2.558689787699511
395,0.5496609807014465,9.50834879406308,10.682175159905853
396,0.5380015969276428,15.822670251854582,12.600736402830258
397,0.5274250507354736,44.40114400296891,31.0441435588881
398,0.6211116313934326,32.74534511444693,22.50265947708922
399,0.572539746761322,33.50085582232046,12.18005104415689
400,0.48698920011520386,24.896611665172053,7.541356871486663
401,0.46821972727775574,30.339463098612057,13.101747895628206
402,0.4729599058628082,31.689476817679008,20.66736214472914
403,0.502606213092804,19.339160714231447,2.0727870141861637
404,0.25326353311538696,12.928994955869916,5.7206899887723175
405,0.9925125241279602,100.0,100.00000000000004
406,0.5035949349403381,16.979620932169798,6.27465531099474
407,0.6234416961669922,14.859132078115229,4.767707020457095
408,0.8323603868484497,55.802467545463095,21.401603033752977
409,0.6450135111808777,38.58365066072552,22.416933501922298
410,0.5049636363983154,18.20304565582195,4.515183688171633
411,0.5082584619522095,8.382618854491481,0.0
412,0.47218453884124756,12.600940943724604,1.121617874316939
413,0.47040703892707825,12.856039611287715,1.6466642419110007
414,0.5140396952629089,11.26691681932571,4.767707020457095
415,0.7641716599464417,25.53160767766406,17.491650626361256
416,0.38709232211112976,12.62383937468704,4.456882760699064
417,0.48564159870147705,12.812738164963736,1.5095250248540109
418,0.44652479887008667,18.659947190680075,2.8398387225677895
419,0.45015013217926025,21.419832347054143,2.799103318440568
420,0.44061246514320374,11.034417270198118,2.445593937240363
421,0.6291232705116272,16.479121164530998,4.753622060013117
422,0.3888048231601715,14.972511803086219,1.9329400319270489
423,0.31332430243492126,10.009453309842375,0.8130350574508933
424,0.41023004055023193,14.752505940472899,3.454447598433574
425,0.36351287364959717,12.060444089967632,0.4430760732204596
426,0.8588950634002686,24.18793503480278,51.341711903259224
427,0.8599212765693665,19.421467754670857,12.872632311973014
428,0.3560701012611389,10.012880648569489,0.7716270058689811
429,0.7420702576637268,8.588176821424396,27.516060407455225
430,0.61700838804245,23.48691373314601,8.116697886877475
431,0.4602589011192322,18.14535907142945,2.328734903585348
432,0.6075016856193542,31.69417562364969,4.108053662461269
433,0.7159685492515564,20.125745522888476,3.639374222382003
434,0.5050652027130127,26.527092280133896,2.956164512438961
435,0.459720641374588,0.0,0.0
436,0.9922153353691101,100.0,100.00000000000004
437,0.4640643298625946,15.511932967872585,1.0009398039350847
438,0.9928098320960999,41.86427588744712,21.444097124017667
439,0.5740131735801697,16.283635337783583,4.02724819242185
440,0.5478520393371582,25.981349868392446,1.9987829481451858
441,0.5490642786026001,16.503432489187663,4.4301276307049475
442,0.59308260679245,24.661373629636806,6.541868941754435
443,0.4714386761188507,14.280231585475475,5.250323068250045
444,0.5627959370613098,16.227354168473678,13.065113298388567
445,0.9937250018119812,100.0,100.00000000000004
446,0.9461439847946167,19.45506121963838,4.238556455648295
447,0.9931605458259583,100.0,100.00000000000004
448,0.4835246205329895,15.402676407937907,2.5197593442434796
449,0.9922153353691101,100.0,100.00000000000004
450,0.5264437794685364,14.20171773051751,1.2193311110766474
451,0.9935131669044495,100.0,100.00000000000004
452,0.5268402099609375,19.209639086628055,3.966270179941676
453,0.4688674211502075,16.330691578205133,4.065425428798724
454,0.8201250433921814,65.04030669224161,48.892302243490086
455,0.5271790623664856,14.742900214006301,5.795599612995366
456,0.4698057472705841,18.523488984450186,2.1962438984958195
457,0.6444519758224487,15.11543419721573,2.1476912089159055
458,0.4650917053222656,13.997390983540239,3.0890553181566975
459,0.5345655083656311,15.758859527834638,3.3864985683445354
460,0.555500328540802,15.221110276079811,3.716499092256818
461,0.3970290422439575,10.19911385794352,0.6044751875664687
462,0.4344694912433624,12.121471369057089,2.55404966647159
463,0.49591270089149475,14.251304213782845,2.328734903585348
464,0.4445250928401947,18.148438991338235,1.8337651269639847
465,0.5318501591682434,14.216629937442512,2.0705706652424007
466,0.4432060420513153,16.028942391065925,4.456882760699064
467,0.549342691898346,18.820492729995188,3.0603367373678014
468,0.4787557125091553,18.087510138183404,3.234245292096216
469,0.5498126149177551,27.467651090145367,6.3848752955077925
470,0.46146413683891296,12.181180738947823,2.8398387225677895
471,0.6038544774055481,16.40648605924793,3.0098043843528286
472,0.7666990160942078,19.98538838612368,39.76353643835254
473,0.5062454342842102,16.429459766455317,2.0899410246084282
474,0.9745798707008362,79.8710453251759,93.94130628134762
475,0.5496086478233337,21.500157510514533,3.407192589506109
476,0.647110641002655,26.257575172365023,5.341413623819777
477,0.5681889653205872,20.325061208377555,3.0372940354383413
478,0.2104894518852234,1.697530864197531,0.0
479,0.5417121052742004,17.58830013709534,9.746997877627233
480,0.5090103149414062,22.665844475303658,3.5148478313698046
481,0.4725642502307892,18.446169000274825,1.539373025281168
482,0.6566788554191589,12.242419462680973,5.693025330278465
483,0.3891589939594269,17.068627070919558,3.5823421191287177
484,0.4900873899459839,8.221091233120841,6.7667641618306344
485,0.34687232971191406,11.906170232158345,0.7605497822189857
486,0.36559203267097473,11.47812133644059,8.116697886877475
487,0.4348551630973816,11.263447528015105,2.55404966647159
488,0.4123436212539673,8.539083636429284,3.3864985683445354
489,0.624362587928772,25.58310355998133,9.287528999566801
490,0.18542470037937164,5.557667304229635,1.1137266446091825
491,0.38459935784339905,12.730189355230692,1.727223799216787
492,0.4357408285140991,13.795578269470552,2.159701133933343
493,0.4893270432949066,31.796860966330385,16.233395773754946
494,0.4831627905368805,18.825295369395548,2.3901021968803136
495,0.5699196457862854,14.287401962867749,3.7477767366779213
496,0.5230931043624878,13.634693039515206,2.0244462660665508
497,0.555602490901947,8.014936222785076,11.521590992286539
498,0.5108376741409302,15.76662898172144,2.224972978585352
499,0.46496087312698364,25.476241676268142,3.7481317238224827
500,0.5324477553367615,16.285873855998634,2.719665272174911
501,0.46136584877967834,14.92848053697004,2.122894426144709
502,0.5945024490356445,21.62602564823676,4.196114906296549
503,0.4852602481842041,17.019336419584185,1.7911710595643588
504,0.9785493612289429,100.0,100.00000000000004
505,0.5706788301467896,17.62608404433215,3.053216387177772
506,0.4311695396900177,11.53673215752754,2.273154356702287
507,0.5461769700050354,25.36767885340641,4.368583925857938
508,0.8436498045921326,50.42626069728337,19.37692912686648
509,0.4938808083534241,28.396372937391796,2.5115381601394384
510,0.2130906581878662,4.796158298899276,0.5749785925016119
511,0.4868643283843994,10.16833372219115,3.0890553181566975
512,0.44216257333755493,7.885209403080874,3.708659055657029
513,0.9938889145851135,77.08477266271252,60.653065971263366
514,0.6340696215629578,17.0319631956904,4.503733751056995
515,0.9938889145851135,100.0,100.00000000000004
516,0.44905534386634827,15.035046496351375,1.8833989647479359
517,0.5517950654029846,16.820842136174925,2.036577672681062
518,0.5334006547927856,25.361328949489437,3.300809119141885
519,0.3708193600177765,15.93731790215894,0.9625140930473532
520,0.3810090124607086,11.74617876331941,6.567274736060395
521,0.4024937152862549,16.473655510406914,2.328734903585348
522,0.5056906342506409,22.66824219621439,2.2610635765124276
523,0.4934181272983551,9.833689824561247,3.42209762272661
524,0.46445271372795105,12.197190458672882,2.5450723423460606
525,0.5475085377693176,19.493242601501628,2.794718236381322
526,0.5170284509658813,10.57533124579717,2.1340743160056204
527,0.4932864308357239,12.463632180873592,5.815868174415823
528,0.9857460856437683,100.0,100.00000000000004
529,0.5215916037559509,18.43520851588974,2.045903267148538
530,0.538720965385437,10.097381864623243,8.116697886877475
531,0.5747998356819153,8.91307028604855,4.112362514034741
532,0.982140064239502,100.0,100.00000000000004
533,0.6167135238647461,9.657108157667844,0.0
534,0.6709990501403809,5.434782608695652,0.0
535,0.5921885371208191,1.5625,0.0
536,0.6975297331809998,15.9350121617383,6.567274736060395
537,0.5524159669876099,19.958617289832937,2.8265205879007453
538,0.9437209367752075,84.42102368559232,58.33510584342541
539,0.5646289587020874,11.864526240811523,0.0
540,0.7208375930786133,21.229212389062155,3.673526562988939
541,0.8052002787590027,16.635785802945673,5.669791110976001
542,0.703494668006897,2.117608731063691,5.197112497172873
543,0.565516471862793,29.960127172207464,16.233395773754946
544,0.37981075048446655,15.826500308001437,5.42821064703297
545,0.9850260615348816,100.0,100.00000000000004
546,0.4105888307094574,8.678799468959413,0.0
547,0.45401525497436523,23.048855133173067,7.0210496550195325
548,0.5570470094680786,7.121238416492298,3.3449303459224256
549,0.6067233681678772,26.404490658049305,23.287896954139942
550,0.5045364499092102,18.422275414963572,11.15650800742149
551,0.5074079036712646,5.00246702771154,0.0
552,0.8330599665641785,32.56030844797921,29.89950354998137
553,0.5134788155555725,18.422275414963572,11.15650800742149
554,0.5241414904594421,23.03887478491779,7.545383788761362
555,0.5946495532989502,19.284348381181175,12.70331870386537
556,0.4808235168457031,27.617833430766964,4.065425428798724
557,0.4361943304538727,18.803776982620764,1.6934096677198087
558,0.6655120253562927,15.281471990640183,4.456882760699064
559,0.9780864119529724,100.0,100.00000000000004
560,0.5744351744651794,6.0268242194238395,0.0
561,0.4631955921649933,2.038043478260869,0.0
562,0.40030723810195923,6.775728728921397,0.0
563,0.6197206974029541,14.116627345390292,9.652434877402245
564,0.4982074797153473,18.917923426663634,0.0
565,0.3810593783855438,15.715801554602205,1.7911710595643588
566,0.5353977680206299,17.86197899514887,2.7350835735481267
567,0.9790740609169006,96.60151582243131,90.36020036098445
568,0.49497684836387634,11.165738706216807,0.0
569,0.5298288464546204,18.848049517399517,0.0
570,0.8017401099205017,10.834933139471078,0.0
571,0.5666177868843079,11.70558608058608,15.97357760615681
572,0.459943026304245,17.694368860502557,1.4262733286728255
573,0.40751412510871887,7.564304573716038,0.0
574,0.6196499466896057,14.884147855996657,5.217192007750319
575,0.5829945206642151,15.10400225181405,0.0
576,0.5678199529647827,19.331914737086713,1.9146030690102513
577,0.43377819657325745,11.11868920878138,3.817681337429047
578,0.8670305609703064,38.92953375492079,21.3643503198117
579,0.5488259792327881,7.996351665486825,5.522397783539471
580,0.5499240756034851,24.605933297318426,8.29519350710986
581,0.4211067855358124,15.893175654452719,3.7726698069117854
582,0.6468126773834229,53.44051618807212,47.58015944333651
583,0.6342364549636841,0.0,0.0
584,0.5058521032333374,16.63211475922675,2.622723570535095
585,0.501197099685669,14.261365402498747,10.511846841633776
586,0.5342498421669006,18.020433168821725,4.832054932113933
587,0.39693063497543335,16.36033193792094,2.5131854313529596
588,0.4100877642631531,4.841094395957741,7.545383788761362
589,0.3829018473625183,8.611426454405887,0.0
590,0.5618240833282471,17.72246726765445,7.495553473355842
591,0.42852532863616943,10.436193302729906,4.767707020457095
592,0.6079609990119934,42.111612596779736,13.74127285540009
593,0.5931110978126526,0.0,0.0
594,0.8525704145431519,39.68671937827816,36.78794411714425
595,0.35411378741264343,4.471129279509454,8.745825313180632
596,0.1963043510913849,2.4286076526543883,0.0
597,0.5246022343635559,44.55185464114715,11.339582221952005
598,0.6970216631889343,13.59470138618992,30.326532985631665
599,0.6129136085510254,28.651462967798768,35.64026463354184
600,0.43290436267852783,3.8265306122448974,0.0
601,0.8938514590263367,16.666666666666664,49.99999999999999
602,0.4723242223262787,14.352258537864449,3.3864985683445354
603,0.5140329599380493,14.254810773891782,3.7052472057637615
604,0.4659225046634674,13.862215066988009,2.1476912089159055
605,0.978710949420929,100.0,100.00000000000004
606,0.22863049805164337,3.2178137521728454,0.0
607,0.45566731691360474,15.631040252188619,1.038539619163422
608,0.37909892201423645,10.337645422883273,0.8700150562387435
609,0.5006967782974243,21.480595957985752,2.7014221055844474
610,0.4457896053791046,16.00874869532456,1.4514334839122445
611,0.7793629765510559,19.52370786444509,6.988198185490689
612,0.9791635870933533,100.0,100.00000000000004
613,0.9802718758583069,100.0,100.00000000000004
614,0.4594231843948364,11.655806937053164,2.908317710573758
615,0.4656507670879364,19.96639852855152,3.632928877985223
616,0.3684650957584381,7.768595171492654,0.0
617,0.43757861852645874,9.596594335193291,3.4015426186864377
618,0.19149908423423767,0.9178437776557427,0.0
619,0.37510398030281067,6.421975550220896,0.0
620,0.45600029826164246,18.169471722380674,1.6992141917604604
621,0.5971594452857971,9.373457434690158,8.116697886877475
622,0.5309666991233826,14.025582628656958,2.1476912089159055
623,0.46200957894325256,9.882222966720908,0.0
624,0.5753233432769775,12.570533934663553,1.5732934811145336
625,0.16883336007595062,1.0850694444444446,0.0
626,0.49497124552726746,11.295927621552394,0.0
627,0.46624866127967834,13.684323266747574,1.2514491172993614
628,0.5516476035118103,12.499511264718928,2.5665813713132635
629,0.409490168094635,7.8100126655778395,0.0
630,0.4393645226955414,11.445099740131706,17.747405280050266
631,0.5649498105049133,27.082367985395457,9.652434877402245
632,0.43151548504829407,11.09479924880222,0.0
633,0.4672989547252655,14.637274247277954,0.0
634,0.43160000443458557,17.696480012059986,5.815868174415823
635,0.5256439447402954,16.849330967502866,6.936635522635826
636,0.29197776317596436,0.7418397626112759,0.0
637,0.4239479601383209,15.54983049403728,2.908317710573758
638,0.4327852129936218,1.4866579278201948,1.8709718017288024
639,0.47158297896385193,14.809393140424723,3.7477767366779213
640,0.5295150279998779,18.01855150558979,2.908317710573758
641,0.5189957022666931,11.33958870261471,3.149696072246702
642,0.4444296360015869,27.523933207871888,15.588565984515926
643,0.3669777512550354,11.028832245523587,0.7188461938966489
644,0.38404443860054016,17.907485070665334,3.300809119141885
645,0.45186367630958557,15.388878702345291,2.392598022685055
646,0.5427687168121338,8.834944799660141,0.0
647,0.4297734200954437,20.665281154076716,2.3569062221449557
648,0.44258302450180054,10.328242868429488,0.8010354164744189
649,0.6549597978591919,12.465555203584861,19.716118825581447
650,0.3811858594417572,16.444233650775324,6.608973813188645
651,0.8724991679191589,36.45823369849639,28.64190457979541
652,0.8481114506721497,20.83315561629518,12.011055432195764
653,0.5403129458427429,3.7618892933966643,2.4426633221059637
654,0.5952750444412231,12.562223914479246,8.116697886877475
655,0.5145880579948425,17.821904925970543,4.073819762127622
656,0.6723443269729614,32.22606779152326,17.976451428761386
657,0.9966737627983093,100.0,100.00000000000004
658,0.9965395331382751,100.0,100.00000000000004
659,0.8175656199455261,6.048387096774193,0.0
660,0.9671286940574646,69.98053689139606,73.48889200874659
661,0.7584745287895203,15.7278038376098,22.265215139875263
662,0.7772498726844788,18.398382895730848,22.781556051062054
663,0.8175656199455261,6.048387096774193,0.0
664,0.45567673444747925,14.338947362036928,0.9451258377819046
665,0.5887020230293274,20.1264348801619,2.1395060213923816
666,0.8941164612770081,11.470805074577855,15.97357760615681
667,0.47426554560661316,0.0,0.0
668,0.6997849941253662,30.679872891953387,2.6102690624143405
669,0.5787438750267029,11.989371807156635,3.377156414337854
670,0.7099428772926331,25.207154241788132,5.412989186545265
671,0.35326966643333435,11.592782377048188,1.7707989236511352
672,0.48407554626464844,23.397563827733645,2.352622489487909
673,0.292324423789978,14.583725429851068,2.031036500233013
674,0.56307452917099,9.045939434758353,0.0
675,0.5528437495231628,11.345768033246049,19.716118825581447
676,0.4779141843318939,18.423488976630438,1.4325480172973541
677,0.5984994769096375,7.644844762368449,0.0
678,0.612761378288269,10.754133169105497,20.556680845025987
679,0.6368792057037354,21.740797269865315,13.134549472120794
680,0.8144672513008118,21.966868433958318,24.880469496253564
681,0.4307354986667633,17.659928202053493,1.6474108593061365
682,0.3948666453361511,13.999828116278978,1.3367299941916413
683,0.5591475367546082,19.673993172129517,1.3133608879197671
684,0.5125111937522888,23.580069282372072,1.270458935341403
685,0.16527017951011658,3.6387844926725075,0.5491436004043871
686,0.40598687529563904,15.291131556632878,1.317048641144
687,0.471853643655777,13.363538987870205,1.4907403577897942
688,0.48574045300483704,26.148553490532777,5.471597152656129
689,0.43069005012512207,12.856923850161714,0.4923671727421613
690,0.42698195576667786,16.760420339319857,1.0674709256301047
691,0.5288872122764587,16.61777478307634,1.0103588033775688
692,0.18591229617595673,1.6526600368033793,0.0
693,0.4319460690021515,11.318309689675957,0.36164450462136394
694,0.43349894881248474,15.322357477751941,1.8432337541755524
695,0.5311103463172913,22.890727576499284,2.081088889280074
696,0.49764057993888855,15.922688208732815,0.9798897513385455
697,0.3635450005531311,9.905990747855125,0.0
698,0.535731852054596,13.903590065779001,0.9012122488121476
699,0.5023816823959351,24.729393539638984,1.2374317627020204
700,0.4533241391181946,16.25089807110312,1.0180553242582693
701,0.5200515985488892,15.604801843580674,0.5470472483564878
702,0.4532908499240875,19.33956425481765,1.626403767243591
703,0.31192532181739807,9.329627775175915,0.48964598847538604
704,0.5015072226524353,18.561559826137742,1.3712038973338514
705,0.40543216466903687,20.30598243316178,2.00510355727145
706,0.45167863368988037,6.758755729026846,0.8887042047007209
707,0.45847585797309875,17.230285123978888,0.9132265066469925
708,0.4923115074634552,18.134104383059007,2.140033171655049
709,0.50068598985672,12.631759166137806,1.0692523140395656
710,0.47485587000846863,18.530549605111585,0.9940425532203141
711,0.4116846024990082,21.91810376594559,1.007248711034927
712,0.5184445977210999,19.76675749706358,1.9484913143222375
713,0.5130287408828735,15.242863923318456,0.45176988862754464
714,0.23670852184295654,5.665761488444543,0.6728248038139729
715,0.5739074349403381,26.436012986434633,3.7447837904003842
716,0.2982412278652191,8.701188900325594,0.769226298433097
717,0.3942596912384033,7.1867081226657525,0.15277801845616268
718,0.5107805132865906,20.70662417629114,1.186050611017432
719,0.45049139857292175,21.836623590668466,2.2118763023192534
720,0.3545689880847931,17.11189987680377,1.162077632547417
721,0.4426482617855072,21.11160862884854,3.1688541114835687
722,0.4552778899669647,17.04236583768988,1.8352022189702837
723,0.4752403795719147,15.137046417651751,0.9459765003466342
724,0.39510390162467957,16.178512160396775,1.1306476670240009
725,0.5428251624107361,29.183607987210035,5.860750703318996
726,0.5271908044815063,15.995873021217012,0.6979931203114345
727,0.5086619257926941,20.80214155138696,2.8655251924532874
728,0.5294817686080933,27.093162896461802,2.5506347511055756
729,0.28549882769584656,7.559996085981043,0.0
730,0.4988231956958771,27.13036432044593,5.07840313345273
731,0.5243642926216125,32.56548215011894,2.3652377115004652
732,0.3401387929916382,11.996538761902707,0.7195175746258358
733,0.4749911427497864,21.367707000093333,2.4371431437250504
734,0.3819783329963684,15.62310293316978,1.1629198846889917
735,0.4464264512062073,16.775101727944143,1.6775246103991839
736,0.4332111179828644,20.151256533905457,2.7966323107109323
737,0.2993313670158386,6.342884423870339,0.0
738,0.4185843765735626,14.962631641663302,0.767883833827814
739,0.516942024230957,18.85937035152115,0.8353689015430148
740,0.7997146844863892,34.568893722561036,4.284701061506144
741,0.4619907736778259,18.092364273393525,1.0616137617671613
742,0.5214737057685852,21.585926229631095,3.8713182054813897
743,0.4121236801147461,17.676910165366095,1.0683243644556364
744,0.44399207830429077,15.977250255342582,0.8802614938306186
745,0.5500281453132629,22.606610709105425,4.064499499054512
746,0.5370727777481079,23.303913782167104,2.4692261837103437
747,0.35021016001701355,13.700690649350264,0.6947795847108821
748,0.4886389672756195,17.582167933365003,0.6188728990160073
749,0.3024508059024811,15.73528015119453,2.397108067333282
750,0.3809612989425659,15.009970129689515,1.6023787294278133
751,0.5237981081008911,27.373048056802034,3.0601327635493525
752,0.47340330481529236,16.929703699188057,2.4371431437250504
753,0.4331080913543701,19.395851153393878,2.2276776176871587
754,0.49415042996406555,16.226341305605455,0.9727027955159663
755,0.453137069940567,16.39637437166444,3.0622497120315995
756,0.5016790628433228,17.356657669169742,0.966157384839251
757,0.34638088941574097,12.080726055028615,1.0622125800568791
758,0.46820077300071716,16.357055423531797,1.6671108610635808
759,0.5165360569953918,13.84037115900241,1.7958616596070793
760,0.4833502471446991,18.750044911148343,1.9192830192723322
761,0.49761393666267395,20.021515025486327,1.211033800737062
762,0.44354233145713806,16.909501709966186,1.9707068317477079
763,0.36961057782173157,17.281168065779124,1.0747017861729933
764,0.46290871500968933,17.991645872302186,1.7052352526213854
765,0.4535503685474396,26.09089020630846,1.1335769758674776
766,0.4162600636482239,9.159479580139363,0.12802959766888072
767,0.4364367723464966,14.392827516401002,0.5673331223235321
768,0.39591971039772034,19.100460766564563,1.0903632681147193
769,0.45321908593177795,23.561797553534788,0.9081236368746811
770,0.24809220433235168,8.24197754803194,0.795534085830813
771,0.5074480175971985,12.18549575034356,0.3954673065199898
772,0.4013955593109131,16.58976263502496,1.018389499755032
773,0.5130276679992676,17.718919181091568,1.2992493989257519
774,0.5587918162345886,18.947538763294013,2.579124920342433
775,0.49739864468574524,18.60122272398164,1.977342862837815
776,0.3837144672870636,20.011526148174745,6.974359430779872
777,0.35478898882865906,12.043611454787834,0.8240788303216349
778,0.4488414227962494,21.162549760986067,1.7268919138039225
779,0.5283521413803101,23.61243828269415,3.4685359634176636
780,0.460059255361557,15.73198227704182,0.8121526404204811
781,0.4283997416496277,22.57160027291229,1.9670257506078825
782,0.5032456517219543,16.340260273672218,1.8888209302404184
783,0.4797001779079437,24.2169502361206,1.2642975505530565
784,0.4753263592720032,20.357785292953412,1.8026514968892973
785,0.20490515232086182,5.431310824262078,0.6222612213097787
786,0.4539826214313507,16.518947605051586,1.0342887033450927
787,0.4495830237865448,15.82049161149239,1.0243024266398415
788,0.5334600806236267,20.826136479941795,3.217756631820108
789,0.47035130858421326,16.98677299733345,0.8858326209119128
790,0.48171302676200867,24.64654944014631,2.266192216933499
791,0.39696407318115234,12.718245276705872,0.33131274685078255
792,0.5359857082366943,4.664179104477611,0.0
793,0.4538593590259552,14.321133002591843,0.3606619618263444
794,0.8109375238418579,40.944731657955856,14.759564526951545
795,0.40290603041648865,15.288420046658647,1.0640374698982382
796,0.43026843667030334,12.987691489631917,0.7037864145991553
797,0.41707515716552734,14.650694319628771,0.5585073265137007
798,0.41970571875572205,16.125198389815555,0.9036042273132688
799,0.38406607508659363,16.159951429904748,0.614748265380128
800,0.32577452063560486,9.027507565623155,0.0
801,0.4407494068145752,13.40190485116648,0.4405545645346836
802,0.3271978199481964,8.210576848994338,0.3160719914940962
803,0.4016413688659668,16.41871112484518,0.8169129626561751
804,0.38261452317237854,13.954013717295858,0.4403498698002366
805,0.3083902895450592,3.3428599923022455,0.13034625222054674
806,0.4000852406024933,14.853029224796362,0.39416936407660913
807,0.536889910697937,7.619047619047619,0.0
808,0.7481957077980042,41.8578861303499,14.759564526951545
809,0.4083530306816101,14.37026640464899,0.8298505982477284
810,0.40843603014945984,16.95725708101948,1.257357291568619
811,0.4759392738342285,18.543315393296524,1.0751538164669088
812,0.402535617351532,10.370906334538569,0.233478981487561
813,0.3227376937866211,11.566846249397987,1.1097481318674485
814,0.3006085455417633,13.290115752708573,1.007248711034927
815,0.42228013277053833,15.287124513062942,2.2869567780619007
816,0.5346933603286743,19.27236804010459,2.276859592073037
817,0.45782867074012756,10.710195565614642,0.0
818,0.5349894762039185,17.018906683100887,1.6939836607563896
819,0.4272271692752838,8.29066930326697,0.5943123208853887
820,0.5247423648834229,22.72301653910628,4.24583389974615
821,0.477724552154541,18.33550457388484,8.128387355781797
822,0.6008781790733337,6.035790000588894,0.0
823,0.4341302514076233,13.175388513147906,4.02724819242185
824,0.486501008272171,19.530138579291233,0.971102687268996
825,0.4523700475692749,24.93229045246258,5.695928476566283
826,0.4743429124355316,16.556388033479365,1.0683243644556364
827,0.39524415135383606,13.932441293360432,1.5886262183839546
828,0.43802371621131897,23.62674764762672,2.229387458785925
829,0.37486234307289124,14.407491967874394,0.6670504932055296
830,0.4043368697166443,19.038344981944327,1.533227700920213
831,0.34594616293907166,16.67493896703723,2.240299727800651
832,0.6184597611427307,12.711345920968744,0.0
833,0.4930042624473572,7.989333765019067,0.0
834,0.28026509284973145,1.8450184501845017,0.0
835,0.39724117517471313,7.522662721042556,0.0
836,0.4264289438724518,15.712206156046799,1.5266081935888858
837,0.3456786572933197,14.097128522520288,0.9668670750672484
838,0.45560821890830994,1.3888888888888888,0.0
839,0.3957230746746063,0.7178261019182176,0.5964554503052834
840,0.4818195104598999,16.708302255091205,0.9010837781632643
841,0.42336273193359375,21.002063569986383,3.302253639697576
842,0.3538510501384735,15.008179516002373,1.0618902062298805
843,0.4209098517894745,16.802100718520897,0.6364795575122026
844,0.4841601550579071,22.381136462640157,2.6164366270758097
845,0.8260417580604553,38.62805760205907,7.809849842300641
846,0.4996490180492401,7.0459746144828195,0.0
847,0.8267703652381897,20.743068120683265,12.44023474812678
848,0.4481710195541382,18.15170010879327,1.1548422250985524
849,0.48508045077323914,18.51018206551201,3.156861810786021
850,0.43541380763053894,18.46851966032794,1.2663302792223932
851,0.5270447134971619,16.782706803337355,1.4625251554483123
852,0.43312233686447144,16.352502570046987,0.7977786359842579
853,0.22511443495750427,2.9379809688270564,0.0
854,0.2509216368198395,5.4942855023728345,0.0
855,0.4632090926170349,24.054173168548584,3.6552991956450183
856,0.49181291460990906,19.50862853594704,1.8081859802267473
857,0.4718207120895386,16.658993061810435,3.7477767366779213
858,0.5300409197807312,17.491706895878547,1.7958616596070793
859,0.4327828288078308,19.575942757058247,1.8426431031261368
860,0.36903145909309387,18.51989662653496,0.971102687268996
861,0.4564637541770935,16.85131598953799,1.7322418048007215
862,0.37129566073417664,10.58583374909108,3.0165524927300758
863,0.48200473189353943,16.401747455117224,4.906081629292278
864,0.44251880049705505,18.49033117928825,1.5784309053930103
865,0.5210806727409363,21.934807752902312,2.1721422789969163
866,0.45860615372657776,21.147318548069922,11.96655750514248
867,0.48671743273735046,19.082771270246905,1.851395256699936
868,0.6101356744766235,22.277343112672163,26.488011088579192
869,0.4130778908729553,17.521606907694654,1.0747017861729933
870,0.6130173802375793,15.206940173326966,6.374030440940894
871,0.6531181931495667,22.622721102752045,0.0
872,0.4200809597969055,16.87188330848503,1.0103588033775688
873,0.5012243986129761,14.772857721426943,0.918708060432945
874,0.3252657353878021,10.429901450049913,0.6044751875664687
875,0.4531867206096649,26.009682341432068,2.0207176067551376
876,0.4922540485858917,19.58809016250605,1.0640103257312403
877,0.28107595443725586,4.970045976826513,0.0
878,0.4879329800605774,16.731526636007633,1.9240848598265397
879,0.282794713973999,5.339167836554258,1.6404472625060698
880,0.4375898838043213,16.405700339059514,1.3705063051209185
881,0.48989492654800415,19.652665926351602,1.661749405566262
882,0.42590537667274475,19.29686118558825,1.0755798168739934
883,0.5474250316619873,10.157676792195481,19.716118825581447
884,0.5417697429656982,13.356472666152698,0.0
885,0.4183347523212433,19.869172125754947,1.2370924497617575
886,0.490352988243103,22.362566316522123,2.5326605584447868
887,0.579032838344574,32.933798718064736,8.153616295286648
888,0.46684548258781433,21.785289823369254,27.516060407455225
889,0.39434921741485596,21.488900427613896,1.7538149904654272
890,0.48374319076538086,18.651913587919157,1.2724686314753924
891,0.4771480858325958,25.213128991245327,2.273154356702287
892,0.44823676347732544,20.32533519239034,2.0749278485695855
893,0.43788132071495056,19.34200100629538,1.0916457671883522
894,0.4705553650856018,17.241973841839027,2.7535760552227253
895,0.41329342126846313,14.058502465942132,2.0540152107739
896,0.4958294928073883,18.935882491083564,1.2744039505750158
897,0.4589294195175171,19.614681133093313,1.3718373696380342
898,0.5865491032600403,19.77920248745373,2.252278368576829
899,0.5013685822486877,19.56822767320836,3.1364240458810366
900,0.5610066056251526,33.57520682700807,14.759205881710614
901,0.4168395400047302,20.747817467799116,1.4514334839122445
902,0.4903803765773773,17.964568466006344,1.0155182501165065
903,0.46665623784065247,17.11103913836093,1.2992493989257519
904,0.6212099194526672,27.17022354950518,3.5823421191287177
905,0.4285595417022705,19.278631462941977,1.6370771526699321
906,0.6198136210441589,11.884167476695573,2.627961710408444
907,0.44527480006217957,23.376482781545945,1.1677641075071654
908,0.5075981616973877,17.427476395716422,1.7035962947530545
909,0.6178929805755615,3.9931813911035943,5.669791110976001
910,0.6048281788825989,26.489538058824447,5.693025330278465
911,0.4341859817504883,30.782634537581323,6.567274736060396
912,0.5202237963676453,4.464285714285715,0.0
913,0.4623284935951233,19.381763809857055,1.0471589442104283
914,0.4528656303882599,0.0,0.0
915,0.4882117807865143,16.674832160364307,3.377156414337854
916,0.5062993764877319,21.81716436447432,3.3582360261774302
917,0.4499788284301758,13.546274753707818,1.6466642419110007
918,0.5725690722465515,22.705552561450805,1.8160849415439309
919,0.6019303202629089,36.59355981616276,8.60169543650466
920,0.6548046469688416,7.211538461538461,0.0
921,0.4638797640800476,20.6740847883298,3.4440626489727304
922,0.5323035717010498,25.042297603015506,2.545496881690401
923,0.3247810900211334,12.036979603460523,0.6546716331985353
924,0.22637374699115753,3.3806356779282067,0.0
925,0.4513539969921112,21.149156918747764,2.0705706652424007
926,0.5234193801879883,10.282791839275232,2.6440681349450874
927,0.4976932108402252,16.440774339585808,1.1784531110724776
928,0.4780183732509613,14.666076065724997,1.4763939041893883
929,0.28721514344215393,12.63317032745624,0.8597935375255782
930,0.4248216152191162,17.438047643035258,2.5066346703158198
931,0.5113716125488281,12.582034542021994,3.673526562988939
932,0.5062187314033508,19.698956824373425,1.056853363362932
933,0.5364881157875061,19.059759235245323,2.719665272174911
934,0.5096551775932312,27.871195534651093,2.8182998883818935
935,0.426530122756958,9.518245288961975,0.7144315612998046
936,0.37099024653434753,15.589173059881997,2.0315766105349127
937,0.4200478196144104,14.093556746931462,1.8264728862681343
938,0.5576173067092896,14.405036419665802,2.4074859035470344
939,0.7776871919631958,32.28670634920635,49.99999999999999
940,0.6954355835914612,18.63799283154122,0.0
941,0.48581668734550476,13.773131889581961,0.9177019949931432
942,0.4002506136894226,17.12048341511214,0.8943170921423376
943,0.370795875787735,14.588319838997554,2.6485681362909563
944,0.5398351550102234,12.220827921680891,7.545383788761362
945,0.6286234855651855,11.21622141950762,0.0
946,0.5252298712730408,20.138431422642604,2.273154356702287
947,0.7487193942070007,19.363519289875985,8.9730240870212
948,0.6325498223304749,10.286406192182724,0.0
949,0.34523341059684753,14.462973404855706,1.494616359907479
950,0.40532949566841125,18.032861927738335,2.66785298043081
951,0.4283082187175751,12.770328116348049,1.038539619163422
952,0.3830080032348633,0.875134090114533,1.0648525923253458
953,0.5099837183952332,21.464177559030073,1.6337196277047001
954,0.7957478165626526,21.048445678610875,4.513617516969122
955,0.4866432845592499,14.863423952365897,2.265000110415278
956,0.4592852294445038,18.934472911620684,3.7726698069117854
957,0.39554551243782043,15.10752313873346,0.8675132185274746
958,0.5287725329399109,27.734693511289105,3.7447837904003842
959,0.47132837772369385,22.242976296094763,1.7967002567978951
960,0.6122565269470215,13.875567562986358,1.7197366808945818
961,0.48636168241500854,18.78702341163642,1.386242207953302
962,0.48245304822921753,27.7575412066681,3.4432056119021257
963,0.40180838108062744,22.88720292145198,1.6207834867750535
964,0.4805017113685608,9.939422817713078,0.0
965,0.206445574760437,2.747866775258898,0.5657759656209536
966,0.5583313703536987,23.085642951583026,7.022183955845687
967,0.4687820076942444,20.257230943871747,2.8425243352087426
968,0.4162527322769165,17.903097792253813,0.9395376892368013
969,0.4393838942050934,11.977165256147321,1.1599713834969503
970,0.5696704983711243,19.31885693327835,1.4091499441909465
971,0.5084937214851379,19.269029308831637,1.1084289981520123
972,0.4199514389038086,16.263859755661226,0.8491528915768113
973,0.4793901741504669,18.237217813217647,2.2869567780619007
974,0.40251800417900085,10.550349020671568,1.286713095960916
975,0.4957398474216461,17.88077045023116,3.235912122544166
976,0.42825552821159363,14.255647217197657,1.8074696761828841
977,0.4888412058353424,0.0,0.0
978,0.44205987453460693,23.316306249807596,4.546308713404574
979,0.4333878755569458,14.03964627802379,1.494243944464886
980,0.6002163290977478,23.698688916309223,1.3240627996165575
981,0.5358779430389404,4.687263916778856,1.822179034099091
982,0.40083569288253784,17.263614214213444,1.2193311110766474
983,0.5135735273361206,16.706798566489926,2.719665272174911
984,0.43654364347457886,13.268140175188034,1.7328106980349882
985,0.5297024250030518,22.164551312217675,2.159701133933343
986,0.47389844059944153,13.679202298938264,3.3864985683445354
987,0.6104676723480225,15.21431055962644,4.923026124015933
988,0.5894085764884949,18.002239542871454,2.997358749610978
989,0.4532744884490967,19.39804775145532,1.1133308819227488
990,0.37310343980789185,15.303265668398353,0.6917954665305369
991,0.38439109921455383,23.68835031532044,6.589643437224546
992,0.26071909070014954,9.157768462846025,0.7446030455068398
993,0.3902910649776459,14.143658669619732,2.4074859035470344
994,0.4375855326652527,16.853133194420813,0.9528164557476236
995,0.44479861855506897,13.389196495661086,1.8160849415439309
996,0.4313631057739258,14.224049468942852,2.6440681349450874
997,0.4876847565174103,19.903432625185204,1.8709718017288024
