segment_id,COMET,chrF++,is_bad_source,src_length,length_group_2,length_group_3
0,0.5497280359268188,30.442720841696783,True,3,short,short
1,0.4670161306858063,34.19612015169052,False,9,short,short
2,0.6424903273582458,44.10386972765936,False,29,short,medium
3,0.7705968618392944,48.92263109954848,False,66,long,long
4,0.7332767844200134,47.84685092098469,False,126,long,long
5,0.892242431640625,66.63447478781099,False,16,short,medium
6,0.5254506468772888,18.569301999238142,False,9,short,short
7,0.6357609033584595,44.151925697055184,False,107,long,long
8,0.6685569882392883,42.91028631414217,False,88,long,long
9,0.5823081135749817,20.534187589885903,False,77,long,long
10,0.8926851153373718,75.23576447673577,False,28,short,medium
11,0.8465254902839661,37.79701836335744,False,6,short,short
12,0.8534470796585083,60.39736622830674,False,31,short,medium
13,0.8931805491447449,66.03829691999353,False,46,long,long
14,0.7646561861038208,59.611158536814415,False,59,long,long
15,0.7529138922691345,50.26014887407491,False,88,long,long
16,0.6477874517440796,31.500938365449255,False,54,long,long
17,0.8568769693374634,58.38768215294056,False,60,long,long
18,0.6372336745262146,55.686822212978605,False,64,long,long
19,0.4455621540546417,38.73685925816642,False,8,short,short
20,0.455841451883316,26.80800801495092,False,9,short,short
21,0.7034507393836975,56.30637212954513,False,93,long,long
22,0.8722236752510071,74.68952353696746,False,79,long,long
23,0.847221314907074,60.61439248841155,False,116,long,long
24,0.6480363011360168,54.08836878044307,False,70,long,long
25,0.7874473929405212,54.71490658735182,False,124,long,long
26,0.736136257648468,32.321292262110504,False,8,short,short
27,0.7280954718589783,37.72608150036484,False,43,long,long
28,0.3659180104732513,24.11221408962647,False,43,long,long
29,0.7586825489997864,54.604259198649544,False,38,long,long
30,0.7806205153465271,53.52062130346481,False,43,long,long
31,0.6076449751853943,52.97452240909114,False,75,long,long
32,0.5581825375556946,56.00178179028984,False,53,long,long
33,0.8633473515510559,61.06455696862355,False,53,long,long
34,0.8199177384376526,49.93263043211702,False,48,long,long
35,0.297678679227829,0.59348824526871,False,48,long,long
36,0.7440453171730042,51.07819229454103,False,51,long,long
37,0.7649247050285339,71.35703322182634,False,50,long,long
38,0.6561400294303894,55.78727473208255,False,52,long,long
39,0.4391696751117706,28.96722390853938,False,10,short,short
40,0.8090129494667053,53.65939164040683,False,73,long,long
41,0.6498380303382874,48.62645601844056,False,152,long,long
42,0.8195566534996033,48.7242587116535,False,96,long,long
43,0.3311501145362854,16.67327589843097,False,8,short,short
44,0.7542365789413452,35.86347591739687,False,42,long,long
45,0.3756525218486786,29.91585033126701,False,59,long,long
46,0.6788060069084167,48.03732274944835,False,78,long,long
47,0.5948420166969299,43.14654353544633,False,72,long,long
48,0.8307810425758362,75.86477324510572,False,37,long,medium
49,0.494053453207016,44.10729917184252,False,43,long,long
50,0.702084481716156,48.11132603160531,False,37,long,medium
51,0.7030941843986511,57.12203928122486,False,67,long,long
52,0.7593984007835388,52.29511514001805,False,73,long,long
53,0.8203803896903992,58.33706284408303,False,56,long,long
54,0.6355059742927551,51.23731462143874,False,49,long,long
55,0.8053868412971497,50.38996926659441,False,80,long,long
56,0.3824476897716522,35.86256903762479,False,59,long,long
57,0.4848901629447937,26.63942738030782,False,10,short,short
58,0.7335086464881897,41.030730474437235,False,32,short,medium
59,0.9028010964393616,66.80831822769852,False,29,short,medium
60,0.533958375453949,50.28279046729991,False,48,long,long
61,0.8392812609672546,52.5560910706103,False,29,short,medium
62,0.6957027316093445,43.87254488511647,False,73,long,long
63,0.6183886528015137,25.07745135944636,False,49,long,long
64,0.5028614401817322,20.994242977236492,False,35,long,medium
65,0.7672998309135437,59.00650023491123,False,71,long,long
66,0.3621021211147308,13.278958458113552,False,7,short,short
67,0.2722713649272918,0.6505321646580059,False,40,long,long
68,0.7083642482757568,55.76081252062334,False,70,long,long
69,0.5646291375160217,49.85928227627837,False,16,short,medium
70,0.420523077249527,36.67123541348263,False,15,short,medium
71,0.81448894739151,55.01310659456771,False,39,long,long
72,0.5818244218826294,27.52116547794991,False,72,long,long
73,0.8479620814323425,62.56316777028691,False,64,long,long
74,0.8543685078620911,65.86883415989988,False,96,long,long
75,0.7574369311332703,46.08982413887579,False,49,long,long
76,0.8012469410896301,56.3722475090464,False,37,long,medium
77,0.8204136490821838,65.54904012202431,False,74,long,long
78,0.6933602690696716,46.889080467023035,False,15,short,medium
79,0.4369901418685913,32.891390664520095,False,15,short,medium
80,0.7622246146202087,57.148335227285706,False,54,long,long
81,0.8220488429069519,64.0367518299039,False,73,long,long
82,0.6806690096855164,41.7637192064106,False,64,long,long
83,0.5170896649360657,19.616288488696863,False,66,long,long
84,0.7483276128768921,57.162408472332096,False,45,long,long
85,0.7773265242576599,51.214063044113175,False,49,long,long
86,0.8761270046234131,46.173980685863285,False,12,short,short
87,0.680525541305542,42.211439525008835,False,12,short,short
88,0.7796969413757324,47.42278021136012,False,26,short,medium
89,0.7363691926002502,50.6212136507713,False,68,long,long
90,0.6803008913993835,54.185694479162706,False,72,long,long
91,0.8576840758323669,68.8507299427706,False,91,long,long
92,0.2935576736927032,33.16304705725947,False,34,long,medium
93,0.6089828610420227,43.36415733134311,False,54,long,long
94,0.2309106886386871,11.62188414962977,False,10,short,short
95,0.7736420035362244,45.212863276289056,False,45,long,long
96,0.7908177375793457,57.03949050545809,False,136,long,long
97,0.8330900073051453,50.205586265256855,False,66,long,long
98,0.7428775429725647,54.34803861377385,False,76,long,long
99,0.8474238514900208,41.91017313612616,False,17,short,medium
100,0.7946634888648987,42.281173161824015,False,79,long,long
101,0.7626407742500305,54.87851257077815,False,149,long,long
102,0.3920518159866333,16.74115235932951,False,14,short,medium
103,0.5320889353752136,30.92378813917569,False,18,short,medium
104,0.8257505893707275,48.6182993939751,False,32,short,medium
105,0.5431774854660034,47.17858483830123,False,90,long,long
106,0.6800416707992554,54.33391207115812,False,56,long,long
107,0.7474899291992188,46.51149160832866,False,70,long,long
108,0.627866804599762,56.02631544265505,False,92,long,long
109,0.6079209446907043,52.10680946073782,False,37,long,medium
110,0.751443088054657,53.87883361855924,False,91,long,long
111,0.6109604835510254,42.43631452231899,False,63,long,long
112,0.5781556963920593,35.749085625550414,False,16,short,medium
113,0.8122064471244812,35.70478989249792,False,15,short,medium
114,0.5180150270462036,25.299174181113855,False,60,long,long
115,0.5369964838027954,26.813409921978405,False,79,long,long
116,0.7200895547866821,49.51871997633996,False,46,long,long
117,0.7966135144233704,44.32760397576264,False,61,long,long
118,0.8174018859863281,49.54230829076294,False,55,long,long
119,0.8562387824058533,55.03878764455978,False,57,long,long
120,0.4836188852787018,21.40384056142008,False,10,short,short
121,0.8246402144432068,54.33264782167393,False,74,long,long
122,0.5819636583328247,22.14518039513333,False,52,long,long
123,0.8588528037071228,58.836654608424546,False,54,long,long
124,0.6928018927574158,44.81990217925064,False,85,long,long
125,0.5054691433906555,56.32340470991824,False,42,long,long
126,0.7824519276618958,52.68711590199013,False,66,long,long
127,0.691314697265625,45.54117252008558,False,40,long,long
128,0.6069088578224182,22.087154866579574,False,46,long,long
129,0.4838626682758331,45.1453983244697,False,52,long,long
130,0.8039805293083191,76.24140859999528,False,20,short,medium
131,0.8143646121025085,55.8703904424852,False,19,short,medium
132,0.5636506676673889,17.892807131584327,False,12,short,short
133,0.7860698699951172,44.08123122970619,False,75,long,long
134,0.8016980290412903,68.33724244192682,False,68,long,long
135,0.7780216336250305,45.264032326591405,False,57,long,long
136,0.5855550765991211,27.02240440375982,False,106,long,long
137,0.7868413329124451,59.552558171222394,False,100,long,long
138,0.8205456137657166,54.65238769984085,False,50,long,long
139,0.790827214717865,52.17910465449981,False,61,long,long
140,0.6689698696136475,41.38773373684717,False,56,long,long
141,0.7533709406852722,52.34872096786337,False,51,long,long
142,0.3656857907772064,42.7671995740343,False,11,short,short
143,0.7241065502166748,52.73257093789109,False,74,long,long
144,0.7078741192817688,47.93990642496344,False,53,long,long
145,0.7921332716941833,49.656994781134586,False,111,long,long
146,0.741499125957489,50.62348101961517,False,99,long,long
147,0.4343983829021454,29.14457370138208,False,27,short,medium
148,0.7737303376197815,53.15218043491223,False,44,long,long
149,0.7020077705383301,40.46552473899637,False,46,long,long
150,0.3853663504123688,41.54699328918975,False,44,long,long
151,0.7219964861869812,49.972292623429645,False,59,long,long
152,0.6622978448867798,49.01630392485549,False,71,long,long
153,0.6995766758918762,42.083343897942235,False,44,long,long
154,0.5434728264808655,43.64175573617155,False,79,long,long
155,0.8693764209747314,56.28181806333809,False,19,short,medium
156,0.4014993607997894,8.838444992178198,False,15,short,medium
157,0.5829197764396667,41.58431795379911,False,20,short,medium
158,0.7914547324180603,28.89860716754189,False,20,short,medium
159,0.7803401350975037,33.30200020826265,False,7,short,short
160,0.3489570319652557,0.0,False,2,short,short
161,0.3799925744533539,1.968503937007874,False,5,short,short
162,0.1404817104339599,0.0,False,3,short,short
163,0.4476573169231415,4.490465375027189,False,4,short,short
164,0.368630975484848,3.765060240963855,False,4,short,short
165,0.6234502196311951,36.709420416729664,False,13,short,medium
166,0.4787523448467254,25.10895813721153,False,9,short,short
167,0.6514624953269958,57.226255608903486,True,5,short,short
168,0.3725402951240539,8.804621591112758,False,6,short,short
169,0.4818669855594635,12.961998787554563,False,5,short,short
170,0.58277827501297,24.80811038786384,False,20,short,medium
171,0.4429014027118683,24.53061937655469,False,24,short,medium
172,0.3576330244541168,15.103522882273504,False,17,short,medium
173,0.686945378780365,37.815152570690024,False,39,long,long
174,0.5710284113883972,22.592803162388226,False,25,short,medium
175,0.8853196501731873,56.047854585372235,False,11,short,short
176,0.7748597264289856,25.840180347001063,False,9,short,short
177,0.4537831544876098,34.28012472544202,False,14,short,medium
178,0.6536223888397217,28.659805393928252,False,16,short,medium
179,0.8738318681716919,40.31318087791664,False,30,short,medium
180,0.7396793961524963,28.00649904747899,False,16,short,medium
181,0.3224324285984039,22.315005655100723,False,27,short,medium
182,0.7182068228721619,36.73517135731673,False,53,long,long
183,0.4625122547149658,5.436480659876272,False,5,short,short
184,0.6509684324264526,48.92488821818407,False,80,long,long
185,0.6542801260948181,54.831845530821845,False,77,long,long
186,0.5650929808616638,45.78093600100018,False,95,long,long
187,0.7328639626502991,52.30958376004604,False,79,long,long
188,0.8591712713241577,71.77086316240378,False,11,short,short
189,0.4480196237564087,0.0,False,2,short,short
190,0.8923729658126831,53.7393787483912,False,27,short,medium
191,0.8743764758110046,65.07498939267268,False,20,short,medium
192,0.4622315466403961,50.342566714494886,False,20,short,medium
193,0.480400413274765,22.794188941950885,False,22,short,medium
194,0.9214746356010436,46.8554486342798,False,10,short,short
195,0.5535443425178528,35.48076371870152,False,23,short,medium
196,0.5258442759513855,45.44739365142534,False,36,long,medium
197,0.4605456888675689,46.55652313190637,False,14,short,medium
198,0.4863301217556,31.963377359547668,False,27,short,medium
199,0.5167683362960815,46.873764268239135,False,19,short,medium
200,0.3557612597942352,17.38311771918833,False,18,short,medium
201,0.4297178089618683,28.50545408938487,False,20,short,medium
202,0.8159862160682678,59.713379743877894,False,20,short,medium
203,0.7105137705802917,52.15197097374141,False,25,short,medium
204,0.4459851086139679,37.69206881720882,False,7,short,short
205,0.4108640253543854,48.26918015387946,False,22,short,medium
206,0.5475144982337952,46.7125577066836,False,20,short,medium
207,0.5964265465736389,12.152194368254357,False,16,short,medium
208,0.3934022188186645,13.62931807806218,False,17,short,medium
209,0.8825101256370544,59.15796578730467,False,8,short,short
210,0.6942260265350342,52.25009741666572,False,18,short,medium
211,0.7672455906867981,46.18902682137802,False,45,long,long
212,0.5930747389793396,17.779933132059956,False,34,long,medium
213,0.3943091332912445,4.807692307692308,False,4,short,short
214,0.3079261481761932,14.076530846975912,False,12,short,short
215,0.300313800573349,38.229132705671155,False,9,short,short
216,0.3119295537471771,8.286469797335231,False,6,short,short
217,0.3917876183986664,7.838759076186045,False,4,short,short
218,0.3824520111083984,15.11710144191466,False,8,short,short
219,0.5572649240493774,43.24782427389727,False,7,short,short
220,0.3652253448963165,9.526386590488649,False,11,short,short
221,0.3116244077682495,8.742584071164686,False,7,short,short
222,0.5656008124351501,17.412671010917567,False,9,short,short
223,0.3837895095348358,9.616069832161765,False,5,short,short
224,0.5200467705726624,43.39225544023856,False,13,short,medium
225,0.6874107718467712,40.54813728578197,False,22,short,medium
226,0.5219269394874573,28.747276776762853,False,9,short,short
227,0.639024555683136,21.88496855249515,False,11,short,short
228,0.8291841149330139,49.18519353492819,False,4,short,short
229,0.4154713451862335,13.343100916907716,False,16,short,medium
230,0.3861175775527954,23.362840669842846,False,2,short,short
231,0.6215654015541077,12.124150602518364,False,3,short,short
232,0.3233824670314789,9.27724626081297,False,8,short,short
233,0.2931067049503326,1.734806629834254,False,6,short,short
234,0.6002504229545593,13.957346742065374,False,29,short,medium
235,0.5111405849456787,46.09673781523387,False,51,long,long
236,0.4667889773845672,25.885596712171736,False,29,short,medium
237,0.5583202242851257,38.53515571223851,False,36,long,medium
238,0.561241865158081,53.41286731452997,False,39,long,long
239,0.4960186779499054,21.75324110724447,False,37,long,medium
240,0.7032420635223389,40.65043354093325,False,12,short,short
241,0.3116347193717956,10.84137992008696,False,13,short,medium
242,0.6048939228057861,52.888300233237395,False,27,short,medium
243,0.7822746634483337,60.21596384758967,False,56,long,long
244,0.480349600315094,18.898369496121383,False,29,short,medium
245,0.3208328187465668,19.870781951656767,False,37,long,medium
246,0.4128747880458832,35.97680914673003,False,24,short,medium
247,0.6075761914253235,46.23176351188371,False,61,long,long
248,0.6942614316940308,47.20381579566097,False,25,short,medium
249,0.4226260185241699,10.332602779920286,False,13,short,medium
250,0.5108223557472229,28.528859385798423,False,18,short,medium
251,0.5883960127830505,46.64869094649284,False,24,short,medium
252,0.2951595187187195,30.9394711919935,False,13,short,medium
253,0.498628169298172,33.08822809305379,False,15,short,medium
254,0.3298715353012085,2.6455026455026456,False,1,short,short
255,0.4016107022762298,21.755798570329823,False,20,short,medium
256,0.4617014229297638,13.505776630467082,False,11,short,short
257,0.4518318176269531,0.0,True,1,short,short
258,0.5447720885276794,28.61152108998148,False,16,short,medium
259,0.3668894469738006,18.692907038071255,False,8,short,short
260,0.9224783778190612,52.002482793087026,False,9,short,short
261,0.3792411684989929,20.75425155785641,False,18,short,medium
262,0.4518318176269531,0.0,True,1,short,short
263,0.4169088900089264,26.200355824914055,False,14,short,medium
264,0.3826623260974884,14.740305806254293,False,6,short,short
265,0.3202710747718811,4.01804914703314,True,1,short,short
266,0.6751920580863953,23.607646558257336,False,11,short,short
267,0.4518318176269531,0.0,True,1,short,short
268,0.4846311509609222,42.24410753093998,False,18,short,medium
269,0.3279443681240082,0.0,False,23,short,medium
270,0.5229700207710266,15.503900692627605,False,9,short,short
271,0.5375255346298218,39.422624417777214,False,7,short,short
272,0.8586459755897522,58.312356584996714,False,43,long,long
273,0.8843737244606018,76.15995990270511,False,7,short,short
274,0.755409836769104,42.94506568284517,False,38,long,long
275,0.4142106473445892,11.5017834163133,False,4,short,short
276,0.4485052824020386,17.68866685723388,False,45,long,long
277,0.7802669405937195,35.75086410417804,False,28,short,medium
278,0.1680992543697357,0.0,False,4,short,short
279,0.3882634341716766,14.116928698890185,False,8,short,short
280,0.4218320548534393,5.957831104373975,False,4,short,short
281,0.4890053868293762,23.52397078695715,False,10,short,short
282,0.6020968556404114,35.984458546664854,False,22,short,medium
283,0.40967658162117,20.021363455128046,False,9,short,short
284,0.3747304379940033,15.619310880063203,False,34,long,medium
285,0.4459057748317718,14.541959926539176,False,26,short,medium
286,0.397308737039566,13.073966706084974,False,2,short,short
287,0.468028575181961,36.212460272994875,False,17,short,medium
288,0.4745655953884125,0.0,True,1,short,short
289,0.3452894389629364,4.369725069909486,False,3,short,short
290,0.334774911403656,20.95805185355602,False,19,short,medium
291,0.233021005988121,12.134648770159028,False,7,short,short
292,0.3862048387527466,35.219297865384405,False,29,short,medium
293,0.4727914929389953,0.0,True,1,short,short
294,0.5711568593978882,47.747420098384154,False,8,short,short
295,0.4553245604038238,23.34707223594869,False,16,short,medium
296,0.4724355638027191,48.51341464121957,False,7,short,short
297,0.4603675305843353,8.898923554095967,False,6,short,short
298,0.731589138507843,25.098409504391185,False,15,short,medium
299,0.5857404470443726,3.968253968253968,False,5,short,short
300,0.7751058340072632,43.43920613251833,False,11,short,short
301,0.3552103042602539,24.82228394944,False,12,short,short
302,0.4626794159412384,16.364228782501385,False,17,short,medium
303,0.6741849780082703,58.98101100564023,False,23,short,medium
304,0.3343485891819,23.31088266275125,False,9,short,short
305,0.5439227223396301,15.408765317327685,False,25,short,medium
306,0.375598281621933,20.852926784316814,False,21,short,medium
307,0.7570341229438782,47.96762850990633,False,51,long,long
308,0.3498688042163849,1.8796992481203008,False,8,short,short
309,0.3978128135204315,12.11377220843224,True,1,short,short
310,0.7713607549667358,61.51972299014308,False,9,short,short
311,0.6696902513504028,37.64868648279232,False,40,long,long
312,0.4193965792655945,11.6343831321226,True,1,short,short
313,0.5058361887931824,35.16716839083227,False,12,short,short
314,0.4154153168201446,6.098743406763884,False,4,short,short
315,0.5324347615242004,31.0754501552612,False,14,short,medium
316,0.3893450200557709,11.56291769949928,False,19,short,medium
317,0.6406640410423279,58.57854164060934,False,15,short,medium
318,0.430072158575058,7.175510676465483,False,7,short,short
319,0.3869364559650421,24.042804268325273,False,17,short,medium
320,0.3310230076313019,13.48537207821635,False,11,short,short
321,0.400318831205368,23.624741965241515,False,25,short,medium
322,0.3798262178897857,38.0604498331284,False,13,short,medium
323,0.4221847653388977,32.030466306572784,False,24,short,medium
324,0.5754426717758179,41.77742261960229,False,35,long,medium
325,0.6151737570762634,58.65792290605262,False,22,short,medium
326,0.6194631457328796,62.00862469288386,False,15,short,medium
327,0.3801525235176086,18.792920346850412,False,17,short,medium
328,0.4715984463691711,20.583476033382546,False,13,short,medium
329,0.43626669049263,22.28696856792353,False,13,short,medium
330,0.5475433468818665,22.096480890702008,False,32,short,medium
331,0.3488937020301819,31.87018393656685,False,9,short,short
332,0.6085501313209534,22.05149095546959,False,25,short,medium
333,0.352774828672409,27.126992562618135,False,24,short,medium
334,0.5746440291404724,52.295946597504575,False,20,short,medium
335,0.8108503222465515,58.790686008345425,False,14,short,medium
336,0.5006358027458191,31.941262968131028,False,14,short,medium
337,0.3140083253383636,21.68306140120854,False,7,short,short
338,0.4842281341552734,33.05981946830994,False,18,short,medium
339,0.3567569851875305,10.376082199141772,False,11,short,short
340,0.7411553263664246,60.5481406104902,False,16,short,medium
341,0.4892386794090271,9.209677094048123,False,5,short,short
342,0.4141187965869903,9.96610020904001,False,4,short,short
343,0.56980961561203,37.02496961210561,False,21,short,medium
344,0.8253180384635925,59.96549354544016,False,4,short,short
345,0.9215283989906312,64.2271667831096,False,4,short,short
346,0.4563060104846954,0.0,False,1,short,short
347,0.7615240216255188,57.124919740997896,False,19,short,medium
348,0.3864021897315979,46.92451782795079,False,12,short,short
349,0.4986496865749359,12.68239150174024,False,2,short,short
350,0.4726921021938324,7.514797619154365,False,4,short,short
351,0.6677186489105225,43.36836060912071,False,22,short,medium
352,0.4520023167133331,38.774412506971856,False,11,short,short
353,0.3449076116085052,31.854215006488328,False,12,short,short
354,0.3631090223789215,12.20190889820846,False,7,short,short
355,0.4773813188076019,15.390117069494467,False,9,short,short
356,0.319050520658493,13.36566972007639,False,18,short,medium
357,0.3673852086067199,13.010389199808522,False,7,short,short
358,0.5781614780426025,50.75864872156536,False,31,short,medium
359,0.8109763860702515,74.16234811671947,False,29,short,medium
360,0.7833241820335388,54.142973569532046,False,19,short,medium
361,0.5076799988746643,16.699257319296862,False,16,short,medium
362,0.779539167881012,45.71762939483572,False,3,short,short
363,0.5428338646888733,28.84636136316229,False,11,short,short
364,0.521709144115448,28.116620815449345,False,14,short,medium
365,0.3825642168521881,9.181504211694612,False,8,short,short
366,0.6026890277862549,44.95882747651088,False,16,short,medium
367,0.5689038038253784,50.38154506994149,False,24,short,medium
368,0.5126811861991882,39.907018424658645,False,24,short,medium
369,0.4907963871955871,9.046052631578949,False,4,short,short
370,0.6129347681999207,41.25323950532953,False,12,short,short
371,0.4751033782958984,29.807102526872516,False,16,short,medium
372,0.6501790881156921,58.99222054019523,False,16,short,medium
373,0.5665258169174194,22.14363335094122,False,11,short,short
374,0.3013074696063995,3.1621008381516846,False,4,short,short
375,0.584761917591095,30.748225738407115,False,14,short,medium
376,0.6542797684669495,34.021576584409765,False,27,short,medium
377,0.3981322348117828,18.50939313172169,False,4,short,short
378,0.378667801618576,2.6223776223776225,False,4,short,short
379,0.4630485773086548,51.14187545699308,False,9,short,short
380,0.6219364404678345,46.57648598401699,False,13,short,medium
381,0.3944993317127228,15.506454154913335,False,10,short,short
382,0.2727309763431549,12.714054500527904,False,12,short,short
383,0.3965618312358856,18.41902606646891,False,11,short,short
384,0.4242270886898041,4.224762655873337,False,7,short,short
385,0.5897889733314514,57.369523047713066,False,10,short,short
386,0.8153296709060669,57.08818124049022,False,19,short,medium
387,0.463751882314682,0.0,True,1,short,short
388,0.7896581888198853,35.37275449190998,False,5,short,short
389,0.7863227725028992,31.68673752655011,False,14,short,medium
390,0.334625631570816,8.537244671849143,False,6,short,short
391,0.4806447625160217,43.383593619328494,False,22,short,medium
392,0.4310826361179352,25.1586887446225,False,8,short,short
393,0.4508261680603027,39.314769353589426,False,28,short,medium
394,0.8609528541564941,55.32624470050626,False,17,short,medium
395,0.4374753534793854,1.506024096385542,False,5,short,short
396,0.5143946409225464,34.654447727418784,False,6,short,short
397,0.7101300358772278,55.2439916281357,False,15,short,medium
398,0.553566038608551,49.76392327338912,False,21,short,medium
399,0.7203753590583801,62.44181632134664,False,32,short,medium
400,0.5350481867790222,28.451204629995093,False,21,short,medium
401,0.76935213804245,63.90838179432715,False,23,short,medium
402,0.7611955404281616,63.40261049686331,False,27,short,medium
403,0.5589286088943481,51.41508578201465,False,38,long,long
404,0.6315011382102966,25.44746232710924,False,10,short,short
405,0.4745986461639404,0.0,True,1,short,short
406,0.3838226497173309,22.154794614638956,False,6,short,short
407,0.8528886437416077,52.02834608585444,False,6,short,short
408,0.4770223200321197,27.383362592229417,False,6,short,short
409,0.7554864883422852,51.35133894958862,False,14,short,medium
410,0.3222958743572235,12.442160562173427,False,8,short,short
411,0.4375450909137726,23.347282694093032,False,13,short,medium
412,0.5724157691001892,13.05242230797415,False,26,short,medium
413,0.4747115671634674,47.50536302565707,False,16,short,medium
414,0.3796308934688568,1.3477088948787064,False,6,short,short
415,0.4072068035602569,1.9736842105263157,False,5,short,short
416,0.4046160876750946,10.085194686196598,False,9,short,short
417,0.6165781617164612,27.84416897252332,False,32,short,medium
418,0.3444133102893829,28.418067048380617,False,14,short,medium
419,0.5541955828666687,32.85585430382146,False,49,long,long
420,0.4347375631332397,23.762170470942166,False,20,short,medium
421,0.3672544658184051,24.732308272367572,False,19,short,medium
422,0.7633126378059387,54.30496184315516,False,32,short,medium
423,0.6529598236083984,39.578436094671275,False,27,short,medium
424,0.7066182494163513,48.91208786528513,False,45,long,long
425,0.6898608803749084,53.56136022935398,False,73,long,long
426,0.3741793632507324,0.0,True,1,short,short
427,0.4143464267253876,28.36025009483875,False,7,short,short
428,0.6621549725532532,50.494829571281606,False,50,long,long
429,0.4822760820388794,9.330890336590665,False,3,short,short
430,0.3080380260944366,9.859150677458736,False,5,short,short
431,0.3955173790454864,36.97208558616449,False,18,short,medium
432,0.4385885894298553,34.21651014652738,False,17,short,medium
433,0.5824592709541321,17.670460592882282,False,22,short,medium
434,0.7519441843032837,56.813050514829335,False,23,short,medium
435,0.3944675624370575,0.0,True,1,short,short
436,0.461899995803833,0.0,True,1,short,short
437,0.4630067050457001,36.21919209348899,False,37,long,medium
438,0.9097924828529358,17.198513649177798,True,2,short,short
439,0.3099493086338043,11.49032815772339,False,10,short,short
440,0.843124508857727,57.55618860725329,False,58,long,long
441,0.7716351747512817,40.71165932397952,False,17,short,medium
442,0.586891233921051,45.46355360416265,False,26,short,medium
443,0.8450496196746826,52.032054752003,False,34,long,medium
444,0.6428434252738953,30.379347257888995,False,8,short,short
445,0.6286017894744873,48.05902812515252,True,4,short,short
446,0.9032191634178162,23.565245277350098,False,10,short,short
447,0.934867262840271,22.36134511715837,True,4,short,short
448,0.3645535409450531,14.555229857797103,False,17,short,medium
449,0.461899995803833,0.0,True,1,short,short
450,0.6301433444023132,22.21457432607181,False,19,short,medium
451,0.93015319108963,20.69312414081073,True,3,short,short
452,0.520880937576294,39.92236785077823,False,27,short,medium
453,0.4428776800632477,10.400548690724865,False,12,short,short
454,0.3877044916152954,2.174685485975291,False,4,short,short
455,0.4994661509990692,44.56406934681882,False,10,short,short
456,0.4671538174152374,44.56194366152745,False,38,long,long
457,0.7938771843910217,38.66981570291064,False,14,short,medium
458,0.6312710642814636,24.16840199654966,False,9,short,short
459,0.4246002733707428,8.69091127954236,False,14,short,medium
460,0.4985694587230682,39.33060291840741,False,17,short,medium
461,0.4885628521442413,23.39472335334912,False,17,short,medium
462,0.351779967546463,15.706403188503495,False,14,short,medium
463,0.559546947479248,26.54887180166735,False,26,short,medium
464,0.5553672909736633,40.46125078069372,False,50,long,long
465,0.5559437274932861,31.360176493103296,False,11,short,short
466,0.3893905878067016,1.506024096385542,False,4,short,short
467,0.4132001399993896,33.19056700854108,False,35,long,medium
468,0.3466880023479461,36.07676143130763,False,22,short,medium
469,0.3808864653110504,40.56112803093071,False,30,short,medium
470,0.7655823230743408,27.911439255701005,False,11,short,short
471,0.3561606705188751,8.059470258850522,False,14,short,medium
472,0.4423956573009491,7.99574922624725,False,1,short,short
473,0.5051384568214417,34.35928513287994,False,27,short,medium
474,0.8950415253639221,82.36177829603562,True,2,short,short
475,0.7856820821762085,35.57117226380536,False,29,short,medium
476,0.7977153062820435,44.54617707792941,False,20,short,medium
477,0.4414075911045074,20.60178061022471,False,15,short,medium
478,0.6003398299217224,39.51080648662594,False,18,short,medium
479,0.3219459950923919,1.1773940345368916,False,8,short,short
480,0.5863004922866821,36.16684323109786,False,17,short,medium
481,0.5717659592628479,43.78168069171456,False,20,short,medium
482,0.4216282367706299,13.292828459533371,False,7,short,short
483,0.361880749464035,30.77502211242567,False,26,short,medium
484,0.4890500605106354,0.0,False,2,short,short
485,0.8019425272941589,54.16577990206838,False,28,short,medium
486,0.4602203667163849,16.399838740307082,False,6,short,short
487,0.52364581823349,25.63080242347705,False,17,short,medium
488,0.7298650145530701,49.90650715162232,False,8,short,short
489,0.9367346167564392,78.18715724138934,False,7,short,short
490,0.4783224463462829,37.66974319500338,False,13,short,medium
491,0.548200249671936,34.03132236608442,False,21,short,medium
492,0.3809797763824463,28.74338175343656,False,16,short,medium
493,0.3570858538150787,8.548855828754826,False,6,short,short
494,0.7208919525146484,52.2490789925283,False,16,short,medium
495,0.1850915253162384,1.3562386980108498,False,9,short,short
496,0.7419472336769104,39.08530029751259,False,14,short,medium
497,0.8720899224281311,56.55306090027051,False,3,short,short
498,0.7958393692970276,45.33750186823235,False,21,short,medium
499,0.860959529876709,50.005847522066446,False,30,short,medium
500,0.4260084927082062,43.7456981553504,False,18,short,medium
501,0.6303947567939758,15.9652494839123,False,24,short,medium
502,0.5058013796806335,10.824681671460924,False,10,short,short
503,0.6583254337310791,40.43851952941196,False,19,short,medium
504,0.8153474926948547,77.86090485877749,True,1,short,short
505,0.5143669247627258,44.536947422733,False,34,long,medium
506,0.4098677039146423,18.62970545580875,False,15,short,medium
507,0.6365634799003601,20.217553162527334,False,14,short,medium
508,0.7919272184371948,56.705501445455845,False,5,short,short
509,0.6278950572013855,49.17640968026078,False,31,short,medium
510,0.325186163187027,28.89319141291034,False,10,short,short
511,0.6653891801834106,31.17069749214828,False,6,short,short
512,0.3251698315143585,19.989346746219827,False,8,short,short
513,0.477350503206253,7.066701396296324,False,1,short,short
514,0.4911925494670868,13.903545633400002,False,9,short,short
515,0.477350503206253,7.066701396296324,False,1,short,short
516,0.6574124097824097,49.40850912544361,False,30,short,medium
517,0.2955836057662964,1.4292488868983322,False,20,short,medium
518,0.5323055386543274,41.63441597044421,False,27,short,medium
519,0.4720941483974457,20.104750399438647,False,42,long,long
520,0.4292249381542206,2.9205607476635516,False,4,short,short
521,0.4321199357509613,11.030414990602006,False,17,short,medium
522,0.4587154984474182,28.428348423697397,False,25,short,medium
523,0.3105250298976898,24.67405744507017,False,6,short,short
524,0.5920571684837341,29.56802569791409,False,11,short,short
525,0.5460413694381714,13.083679610502028,False,28,short,medium
526,0.434620589017868,28.131258190924672,False,16,short,medium
527,0.5160115361213684,6.377169359664872,False,3,short,short
528,0.965405523777008,87.27123680268738,False,5,short,short
529,0.3219790160655975,37.169584559963255,False,37,long,medium
530,0.3890842497348785,15.750864258273282,False,4,short,short
531,0.7215414047241211,24.509573395531017,False,9,short,short
532,0.4556499123573303,42.70349302548912,True,1,short,short
533,0.3527714014053345,8.144902113872195,False,7,short,short
534,0.496879905462265,3.2051282051282057,False,1,short,short
535,0.5319539308547974,3.7593984962406015,False,2,short,short
536,0.5342667698860168,21.030109960736137,False,6,short,short
537,0.564679741859436,12.54716526750174,False,19,short,medium
538,0.725945234298706,44.27236708409896,False,6,short,short
539,0.3316638171672821,1.1773940345368916,False,11,short,short
540,0.5821508169174194,21.141441401476307,False,8,short,short
541,0.4819574654102325,44.10502603566187,False,10,short,short
542,0.1584697067737579,0.0,False,4,short,short
543,0.3366464674472809,9.411184228538271,False,7,short,short
544,0.4592462480068207,16.64210935752553,False,15,short,medium
545,0.985025942325592,100.0,True,1,short,short
546,0.3947318196296692,9.761550600635005,False,2,short,short
547,0.1080273240804672,0.1257545271629778,False,13,short,medium
548,0.5483714938163757,30.263171864364597,False,10,short,short
549,0.8242697715759277,58.56069212165852,False,7,short,short
550,0.3513809144496918,16.129967638902453,False,2,short,short
551,0.5418649315834045,34.66829141759772,False,9,short,short
552,0.8901237845420837,67.04821373886251,False,6,short,short
553,0.3887346982955932,6.7030942608983946,False,2,short,short
554,0.487129807472229,30.365334068098814,False,6,short,short
555,0.2848045229911804,10.847464731519628,False,3,short,short
556,0.6970316767692566,32.37307225072979,False,12,short,short
557,0.5942732691764832,39.437941123743144,False,25,short,medium
558,0.5993710160255432,10.639487536505143,False,7,short,short
559,0.8695798516273499,72.10677681948414,False,7,short,short
560,0.4010730981826782,5.438971429337861,False,2,short,short
561,0.4933327734470367,35.602343112003666,False,3,short,short
562,0.3470702767372131,9.196007982015756,False,4,short,short
563,0.3951161801815033,12.048529763005403,False,5,short,short
564,0.6920018792152405,0.0,False,3,short,short
565,0.7381191253662109,46.51118164771118,False,8,short,short
566,0.3576903641223907,32.358910305848134,False,14,short,medium
567,0.945949137210846,76.47897209313133,False,6,short,short
568,0.7225886583328247,79.62278584145432,False,7,short,short
569,0.5126957297325134,48.3343604628154,False,8,short,short
570,0.4579436182975769,17.43569837368404,False,8,short,short
571,0.3693822026252746,4.38528926353715,False,6,short,short
572,0.5517479777336121,38.55285764877735,False,25,short,medium
573,0.4824081659317016,46.077618664248035,False,11,short,short
574,0.4542905986309051,34.41341681733963,False,9,short,short
575,0.360831618309021,1.798561151079137,False,4,short,short
576,0.5647500157356262,63.68425676241108,False,14,short,medium
577,0.7009124159812927,42.74987077956493,False,8,short,short
578,0.5314414501190186,14.052844227911066,False,3,short,short
579,0.4055660963058471,2.4271844660194177,False,4,short,short
580,0.5040512681007385,29.698437209905997,False,8,short,short
581,0.3588102161884308,15.752990122358463,False,14,short,medium
582,0.2379316687583923,2.32738809956223,False,14,short,medium
583,0.4337780773639679,0.0,True,1,short,short
584,0.6097055673599243,27.720577999895923,False,29,short,medium
585,0.3951540291309356,23.631676321652023,False,13,short,medium
586,0.5141749978065491,42.22164274399608,False,18,short,medium
587,0.5916446447372437,39.080857526593725,False,27,short,medium
588,0.4959996044635772,7.243357611106119,False,5,short,short
589,0.3152598738670349,6.576385162322705,False,7,short,short
590,0.4178417026996612,28.214307305603096,False,7,short,short
591,0.4376230537891388,10.641666677503252,False,6,short,short
592,0.5216855406761169,11.02459828044225,False,9,short,short
593,0.4308027923107147,0.0,True,1,short,short
594,0.1574230045080185,0.0,True,2,short,short
595,0.1640020608901977,0.0,True,3,short,short
596,0.3877005279064178,3.0612244897959178,False,2,short,short
597,0.5141014456748962,6.996484541163288,False,6,short,short
598,0.8149701952934265,27.552480916030532,False,3,short,short
599,0.5955196619033813,5.702854068801214,False,5,short,short
600,0.3152433037757873,1.2531328320802009,False,5,short,short
601,0.4485751688480377,1.5527950310559009,False,1,short,short
602,0.3955268859863281,12.224878309937472,False,9,short,short
603,0.396380215883255,22.52262171487225,False,11,short,short
604,0.3972346484661102,29.05135998926144,False,19,short,medium
605,0.3906009793281555,9.99867625848569,True,1,short,short
606,0.6225829124450684,27.69289188453499,False,17,short,medium
607,0.5123100876808167,45.4840582080992,False,29,short,medium
608,0.509091854095459,25.28968697821415,False,37,long,medium
609,0.4502907991409302,27.371059259325705,False,34,long,medium
610,0.727270781993866,40.84392065759052,False,39,long,long
611,0.307015985250473,29.02183052379476,False,5,short,short
612,0.3781969249248504,9.948496215586806,True,1,short,short
613,0.689068615436554,35.40222378582123,True,1,short,short
614,0.3306519985198974,22.027392571552827,False,14,short,medium
615,0.8443089127540588,41.692985388585065,False,21,short,medium
616,0.3687572777271271,0.0,False,3,short,short
617,0.3791693747043609,17.731216918525377,False,19,short,medium
618,0.3693846762180328,7.174576146609173,False,4,short,short
619,0.4223760664463043,23.8714347740187,False,3,short,short
620,0.6850393414497375,40.64748307789626,False,45,long,long
621,0.3556386530399322,5.035452978897709,False,4,short,short
622,0.27425616979599,1.1395383031907074,False,19,short,medium
623,0.845255434513092,61.36572024333239,False,8,short,short
624,0.4638589322566986,28.72966366221541,False,23,short,medium
625,0.3298474848270416,11.009562968505536,False,6,short,short
626,0.8202618360519409,52.171531536578584,False,11,short,short
627,0.3151565194129944,25.74227320742842,False,30,short,medium
628,0.4161678254604339,47.631839055932026,False,23,short,medium
629,0.6379599571228027,36.79745006167106,False,17,short,medium
630,0.3940902054309845,25.063139540714182,False,8,short,short
631,0.4120286405086517,17.104377470847922,False,8,short,short
632,0.7012065052986145,40.53759080710133,False,14,short,medium
633,0.436789721250534,39.699708527936885,False,6,short,short
634,0.3893935978412628,20.90657720203947,False,6,short,short
635,0.1010917425155639,0.0,False,15,short,medium
636,0.8245858550071716,77.30472033259488,False,8,short,short
637,0.7837894558906555,38.82320812400398,False,17,short,medium
638,0.6234034895896912,40.98313452141716,False,22,short,medium
639,0.9128944277763368,41.641699481463576,False,8,short,short
640,0.4799711406230926,25.21794633809324,False,14,short,medium
641,0.5128647089004517,28.69541254625828,False,14,short,medium
642,0.4342133104801178,42.76339338627603,False,31,short,medium
643,0.5229769349098206,27.48023364215407,False,23,short,medium
644,0.3621604144573211,33.939970685038396,False,23,short,medium
645,0.5330540537834167,31.284281154123857,False,25,short,medium
646,0.4135163724422455,37.66901730900136,False,6,short,short
647,0.6003256440162659,33.193200546784695,False,32,short,medium
648,0.8048904538154602,57.51315985070151,False,38,long,long
649,0.9126420021057128,71.08335205788543,False,2,short,short
650,0.8841376900672913,70.50055937571675,False,8,short,short
651,0.9586951732635498,87.42817682807667,False,5,short,short
652,0.9387925267219543,68.18511640813259,False,8,short,short
653,0.6702365279197693,29.672035661204077,False,20,short,medium
654,0.5074232816696167,9.714776752138135,False,8,short,short
655,0.7970750331878662,50.62012968467895,False,49,long,long
656,0.7047240138053894,71.22234052417663,False,18,short,medium
657,0.8597066402435303,22.55034888997218,True,2,short,short
658,0.8200375437736511,22.55034888997218,True,2,short,short
659,0.5062992572784424,0.0,True,1,short,short
660,0.4922492206096649,16.158830883083663,True,3,short,short
661,0.6599515080451965,16.025356356933386,True,3,short,short
662,0.7489235997200012,30.217161040073297,True,3,short,short
663,0.5062992572784424,0.0,True,1,short,short
664,0.3672917187213897,27.851854912646107,False,22,short,medium
665,0.7695946097373962,57.05503240407276,False,53,long,long
666,0.3888055384159088,19.230931713625505,False,3,short,short
667,0.5918622612953186,50.84158252929952,False,5,short,short
668,0.8160988688468933,57.902588946940824,False,49,long,long
669,0.5239847302436829,14.66936768720155,False,11,short,short
670,0.8491171002388,58.6087616141429,False,12,short,short
671,0.8342983722686768,54.61809708993438,False,56,long,long
672,0.6496970057487488,51.95814738300797,False,23,short,medium
673,0.8941060900688171,68.26725923891644,False,10,short,short
674,0.3712381422519684,11.24319844814118,False,5,short,short
675,0.3756116330623626,0.0,False,3,short,short
676,0.65718674659729,19.058447972259938,False,26,short,medium
677,0.6783660650253296,13.48568517092899,False,3,short,short
678,0.437985360622406,6.807174121292101,False,4,short,short
679,0.3853588402271271,16.456852843367194,False,6,short,short
680,0.7228540778160095,13.71161975598853,False,4,short,short
681,0.5687822699546814,34.937368843033425,False,63,long,long
682,0.5659362077713013,16.225884829953895,False,92,long,long
683,0.6941303014755249,60.09873118548978,False,87,long,long
684,0.8548961877822876,62.25734324347541,False,55,long,long
685,0.6863330006599426,45.20442853354753,False,82,long,long
686,0.8407967686653137,52.28889323038235,False,67,long,long
687,0.6410913467407227,40.97751594840175,False,83,long,long
688,0.7005307078361511,47.74263609850117,False,67,long,long
689,0.6452387571334839,43.501360649473,False,112,long,long
690,0.4855605363845825,36.41569664168737,False,51,long,long
691,0.8287467360496521,67.31068737192734,False,79,long,long
692,0.4161453247070312,46.78847370823264,False,53,long,long
693,0.6169989705085754,42.843295629523496,False,133,long,long
694,0.7816643714904785,52.81557543235481,False,80,long,long
695,0.7206980586051941,53.37683234235273,False,68,long,long
696,0.4277703464031219,18.781773768697597,False,74,long,long
697,0.730503261089325,59.5282738240246,False,68,long,long
698,0.8724477887153625,59.75936398904138,False,64,long,long
699,0.6226485371589661,46.74821152029979,False,56,long,long
700,0.7648424506187439,59.97286395268983,False,100,long,long
701,0.7889962792396545,56.63160033745107,False,100,long,long
702,0.5495167374610901,68.54674783171271,False,67,long,long
703,0.819360077381134,48.15264779386717,False,97,long,long
704,0.7146371603012085,51.141621648239976,False,100,long,long
705,0.7103561758995056,60.952475511056214,False,98,long,long
706,0.5761587023735046,38.82529984209298,False,43,long,long
707,0.8603206276893616,49.530807973963334,False,76,long,long
708,0.6398059725761414,39.70473765517368,False,82,long,long
709,0.558881402015686,45.357584845903546,False,105,long,long
710,0.5556680560112,37.13008933804133,False,73,long,long
711,0.7867657542228699,51.032559144400516,False,44,long,long
712,0.4916432797908783,40.38095268934854,False,62,long,long
713,0.7305117845535278,64.09467519022724,False,114,long,long
714,0.4369912445545196,53.56611972066517,False,25,short,medium
715,0.8248140215873718,71.83029949873941,False,52,long,long
716,0.6348428130149841,49.626289789217545,False,86,long,long
717,0.7406423687934875,52.94816829120516,False,82,long,long
718,0.4888206124305725,44.60561951644728,False,52,long,long
719,0.8225778937339783,54.987331544996664,False,85,long,long
720,0.7281637787818909,58.6712081525061,False,57,long,long
721,0.7041981816291809,50.172272825898226,False,63,long,long
722,0.4972083866596222,49.04013073527169,False,88,long,long
723,0.7377263307571411,55.70451929593885,False,82,long,long
724,0.6585099101066589,47.80971298616102,False,96,long,long
725,0.6995474696159363,55.40608256698094,False,57,long,long
726,0.7551020383834839,51.707983249469855,False,109,long,long
727,0.6607175469398499,52.18538879532543,False,53,long,long
728,0.5976441502571106,50.18353433031388,False,57,long,long
729,0.637279748916626,33.77289257312516,False,67,long,long
730,0.8698340654373169,63.15225977274017,False,85,long,long
731,0.5672751069068909,57.047976472999096,False,51,long,long
732,0.5197904706001282,49.13016281943946,False,39,long,long
733,0.7999168038368225,52.36626181623036,False,43,long,long
734,0.3057888448238373,17.952327718581373,False,50,long,long
735,0.5732647776603699,18.967129694558736,False,61,long,long
736,0.8211635947227478,51.85312654318296,False,78,long,long
737,0.5907335877418518,52.557636397317665,False,41,long,long
738,0.5354218482971191,42.76569889044271,False,90,long,long
739,0.6942545771598816,49.54997401582915,False,99,long,long
740,0.7699825167655945,54.31009342465981,False,47,long,long
741,0.6929846405982971,49.890989149938754,False,88,long,long
742,0.6648010611534119,27.21874203559917,False,32,short,medium
743,0.7012643218040466,48.34941864423662,False,45,long,long
744,0.5154945254325867,41.94325998438081,False,84,long,long
745,0.7872571349143982,58.93155722510587,False,59,long,long
746,0.8073169589042664,60.17199697590478,False,79,long,long
747,0.74440997838974,49.701809296562494,False,85,long,long
748,0.8350332379341125,49.449409104832256,False,97,long,long
749,0.779728889465332,53.78698649128951,False,75,long,long
750,0.7633169293403625,56.50737603483578,False,51,long,long
751,0.850034773349762,71.71667883592228,False,55,long,long
752,0.4262029230594635,60.372319953897936,False,30,short,medium
753,0.4813288152217865,51.72075767318823,False,53,long,long
754,0.8016810417175293,62.594231955157454,False,119,long,long
755,0.5977166295051575,42.38252499560673,False,65,long,long
756,0.531605064868927,41.92903989413297,False,66,long,long
757,0.4970696270465851,18.53003433821504,False,111,long,long
758,0.7850340008735657,54.85453404418998,False,77,long,long
759,0.6026105284690857,63.93427224878933,False,27,short,medium
760,0.5248884558677673,53.4212105122957,False,43,long,long
761,0.4688569903373718,26.414067284272186,False,56,long,long
762,0.7530296444892883,55.95833385198391,False,104,long,long
763,0.6905743479728699,58.67521160388564,False,68,long,long
764,0.5891212224960327,45.63720847606762,False,57,long,long
765,0.8656154870986938,61.5164163871872,False,78,long,long
766,0.6619999408721924,43.896810321654016,False,168,long,long
767,0.7178575396537781,48.72043269020245,False,112,long,long
768,0.3850046396255493,24.539671372871886,False,75,long,long
769,0.8243525624275208,56.80772368642359,False,103,long,long
770,0.5504652857780457,41.178485096403165,False,49,long,long
771,0.7491997480392456,49.47492357170393,False,118,long,long
772,0.8055693507194519,59.56614279012403,False,74,long,long
773,0.5934537053108215,39.62468217459551,False,51,long,long
774,0.7629489302635193,44.00309761431338,False,63,long,long
775,0.7832745909690857,58.93276421203382,False,77,long,long
776,0.6858250498771667,46.591908086005134,False,59,long,long
777,0.7363185286521912,53.80477616529677,False,67,long,long
778,0.8702239990234375,60.39599795848593,False,45,long,long
779,0.7372701168060303,60.03671472010791,False,65,long,long
780,0.7873649597167969,45.12449498860466,False,89,long,long
781,0.8079531788825989,53.87271944151064,False,59,long,long
782,0.5572230815887451,35.08102782039575,False,33,long,medium
783,0.7669845223426819,48.22825459296769,False,67,long,long
784,0.7153560519218445,50.85926887262639,False,70,long,long
785,0.517797589302063,49.29002078737593,False,83,long,long
786,0.6613376140594482,55.16015844910736,False,62,long,long
787,0.7876231670379639,55.672102745687624,False,76,long,long
788,0.7181029915809631,59.32090608071587,False,74,long,long
789,0.2587073743343353,18.910865041600033,False,47,long,long
790,0.7829371094703674,60.56995534894251,False,71,long,long
791,0.7708830237388611,47.72895125231532,False,150,long,long
792,0.3398006558418274,0.2561475409836066,False,2,short,short
793,0.769295334815979,46.35640740577537,False,124,long,long
794,0.5863006711006165,13.427919779671136,False,5,short,short
795,0.5688549280166626,47.74702228932332,False,113,long,long
796,0.7351410984992981,50.9196986783037,False,105,long,long
797,0.7162253260612488,53.225536890383005,False,133,long,long
798,0.7592211365699768,58.31549341117337,False,77,long,long
799,0.6145836114883423,30.03965218643623,False,101,long,long
800,0.6985414624214172,49.14024776049656,False,101,long,long
801,0.7101084589958191,48.073926562998025,False,113,long,long
802,0.4054203331470489,23.34027563911253,False,108,long,long
803,0.5796356201171875,41.828441167944206,False,66,long,long
804,0.508101224899292,25.758861085444167,False,86,long,long
805,0.5930721163749695,42.9901593300413,False,176,long,long
806,0.6624768972396851,45.722209948941774,False,108,long,long
807,0.4267646968364715,0.4355400696864111,False,1,short,short
808,0.5602989792823792,11.03375852005184,False,5,short,short
809,0.5651678442955017,47.3289169900216,False,146,long,long
810,0.590225338935852,21.24545049726086,False,79,long,long
811,0.6763172745704651,39.8266685544668,False,70,long,long
812,0.5551724433898926,44.95952419021357,False,138,long,long
813,0.6426506638526917,39.24560881698409,False,70,long,long
814,0.5891650319099426,57.24140010711935,False,51,long,long
815,0.2765234112739563,0.7849293563579279,False,9,short,short
816,0.3479870855808258,27.284808152048026,False,16,short,medium
817,0.3028569519519806,1.569858712715856,False,6,short,short
818,0.7341938614845276,59.43836956824213,False,55,long,long
819,0.3353792130947113,5.262087891307732,False,14,short,medium
820,0.3326864838600158,17.16340277448626,False,41,long,long
821,0.3648107051849365,26.122683158135377,False,12,short,short
822,0.5359920263290405,12.975445595589882,False,5,short,short
823,0.7063683867454529,35.67914849713031,False,12,short,short
824,0.6728935241699219,53.83825874079745,False,54,long,long
825,0.6266474723815918,45.25345863936757,False,33,long,medium
826,0.3496757447719574,3.943750380411799,False,39,long,long
827,0.8026694059371948,51.88292983994144,False,27,short,medium
828,0.6013228893280029,41.991959904415374,False,58,long,long
829,0.7101507782936096,62.60857128562146,False,78,long,long
830,0.6085147261619568,17.291746399310167,False,34,long,medium
831,0.5740998387336731,43.19825173189864,False,42,long,long
832,0.4890094101428985,20.413150841986045,False,13,short,medium
833,0.3541421592235565,12.749973145171513,False,6,short,short
834,0.3850968182086944,2.798507462686567,False,2,short,short
835,0.3335848152637481,8.728750776090653,False,8,short,short
836,0.5095924735069275,24.638333606870603,False,30,short,medium
837,0.802199125289917,51.22735224667263,False,45,long,long
838,0.4101520478725433,0.0,False,2,short,short
839,0.5791357159614563,49.26364469252616,False,61,long,long
840,0.7796191573143005,59.56335330073576,False,27,short,medium
841,0.3277756571769714,28.348053825566637,False,30,short,medium
842,0.7796671986579895,55.81506759564672,False,94,long,long
843,0.6771064400672913,47.7076161678878,False,92,long,long
844,0.5635002255439758,41.501713553366606,False,46,long,long
845,0.4225207865238189,3.5554438164309787,False,7,short,short
846,0.3577551543712616,2.268928547260174,False,4,short,short
847,0.332393616437912,0.0,False,4,short,short
848,0.5993718504905701,47.62173380996052,False,59,long,long
849,0.6706123948097229,52.857019727865115,False,35,long,medium
850,0.5159800052642822,39.41546191792703,False,45,long,long
851,0.8017259240150452,48.43451385600513,False,32,short,medium
852,0.7631557583808899,57.80748901395292,False,91,long,long
853,0.5417501330375671,46.65961731385144,False,58,long,long
854,0.7017582058906555,42.75110130186749,False,42,long,long
855,0.5532952547073364,48.385788419098745,False,50,long,long
856,0.6129375100135803,19.68581443645549,False,63,long,long
857,0.3425182998180389,8.506692788117013,False,7,short,short
858,0.3492065370082855,29.433235148657012,False,34,long,medium
859,0.730003297328949,60.30894909777289,False,57,long,long
860,0.3327550292015075,18.194648389701996,False,66,long,long
861,0.3699520528316498,23.418958683767123,False,31,short,medium
862,0.5325834155082703,19.708836465310352,False,11,short,short
863,0.5035443902015686,27.114371487503824,False,25,short,medium
864,0.6258249878883362,17.970379132680083,False,32,short,medium
865,0.3286086022853851,1.6817708222207997,False,16,short,medium
866,0.438299298286438,30.790261864351383,False,13,short,medium
867,0.5712295770645142,38.45420733159072,False,62,long,long
868,0.4553529918193817,18.60878731942885,False,12,short,short
869,0.5692940354347229,18.988973681375253,False,73,long,long
870,0.6634319424629211,37.713373793505994,False,16,short,medium
871,0.4197438061237335,2.089514270557879,False,1,short,short
872,0.5234479308128357,51.677427472319,False,41,long,long
873,0.7268598675727844,40.58112496605579,False,41,long,long
874,0.4299003779888153,15.97155656093463,False,39,long,long
875,0.743955671787262,55.64438171984584,False,54,long,long
876,0.751535177230835,46.19559754554714,False,56,long,long
877,0.8886775374412537,66.69375423042942,False,38,long,long
878,0.7686169743537903,41.9839280199829,False,51,long,long
879,0.4862762093544006,33.92891343672852,False,24,short,medium
880,0.5042330622673035,33.116760651551246,False,25,short,medium
881,0.6715254187583923,50.71934476140625,False,39,long,long
882,0.4954985678195953,36.99997197055698,False,56,long,long
883,0.3299061357975006,0.9920634920634922,False,3,short,short
884,0.8598491549491882,47.01349438204472,False,7,short,short
885,0.6146995425224304,52.55900234753121,False,51,long,long
886,0.7473160028457642,46.4657519072995,False,53,long,long
887,0.4289303421974182,13.928422279565488,False,13,short,medium
888,0.5886815786361694,9.370482646516294,False,4,short,short
889,0.7216992974281311,53.09289941033705,False,67,long,long
890,0.5783634781837463,45.62730118029218,False,30,short,medium
891,0.4385353326797485,32.34345202549732,False,19,short,medium
892,0.5999588966369629,21.016271501703375,False,28,short,medium
893,0.4877576529979706,33.1672883810813,False,49,long,long
894,0.5335009694099426,26.557490878810825,False,20,short,medium
895,0.7733107209205627,31.476445346568603,False,14,short,medium
896,0.7045832276344299,50.693224668078294,False,44,long,long
897,0.7683358788490295,56.42325863002349,False,82,long,long
898,0.7746137976646423,52.55691310517049,False,30,short,medium
899,0.4810948371887207,47.86739013965039,False,14,short,medium
900,0.3507225811481476,10.794584661183078,False,18,short,medium
901,0.3233090341091156,17.295960925347114,False,29,short,medium
902,0.6997780203819275,52.72380919221755,False,47,long,long
903,0.5213900208473206,34.76805425530895,False,44,long,long
904,0.3980994820594787,19.29310366284558,False,22,short,medium
905,0.6267490386962891,55.93274526658411,False,28,short,medium
906,0.4175591170787811,14.300925881372368,False,15,short,medium
907,0.4260733425617218,55.362464764891605,False,65,long,long
908,0.612964928150177,33.62135365001316,False,26,short,medium
909,0.6782388687133789,42.8964137980946,False,5,short,short
910,0.3780304491519928,24.696597716841612,False,6,short,short
911,0.4971742928028106,44.6854872950052,False,6,short,short
912,0.2961881458759308,4.752152948042633,False,1,short,short
913,0.7289524674415588,60.04631905789552,False,61,long,long
914,0.4072275161743164,2.3999447712781383,False,17,short,medium
915,0.6314097046852112,32.46804851370169,False,15,short,medium
916,0.829157292842865,56.49146163452762,False,26,short,medium
917,0.4207322895526886,38.02996935515994,False,16,short,medium
918,0.3188235461711883,17.054467041213268,False,18,short,medium
919,0.3483338356018066,8.802176900206248,False,9,short,short
920,0.3989567458629608,5.650459637671473,False,9,short,short
921,0.6682635545730591,48.229759469438335,False,30,short,medium
922,0.5637779235839844,22.12997121769481,False,44,long,long
923,0.4926095306873321,21.883422703298415,False,64,long,long
924,0.4032603800296783,31.932972579429094,False,19,short,medium
925,0.3950041234493255,20.692225215026717,False,24,short,medium
926,0.3955099880695343,13.54701306180259,False,15,short,medium
927,0.4842400848865509,37.41491751234307,False,25,short,medium
928,0.6498465538024902,19.0735183062621,False,29,short,medium
929,0.7056496739387512,41.77997303206515,False,33,long,medium
930,0.3324373662471771,9.783903420909215,False,17,short,medium
931,0.5295379757881165,25.902067356049542,False,11,short,short
932,0.4950844347476959,20.02732572346199,False,69,long,long
933,0.4662413001060486,31.250903130575225,False,19,short,medium
934,0.7156502604484558,52.93994160851061,False,22,short,medium
935,0.4149222671985626,21.167296257284935,False,27,short,medium
936,0.5855993628501892,44.94790775939596,False,18,short,medium
937,0.4302684962749481,37.55062414273582,False,14,short,medium
938,0.4583428800106048,33.08402590308672,False,22,short,medium
939,0.4069760739803314,6.230243227817534,False,2,short,short
940,0.4618546664714813,4.081632653061225,False,1,short,short
941,0.689265787601471,43.76912976228636,False,99,long,long
942,0.685546338558197,59.35232439070223,False,69,long,long
943,0.5519810914993286,46.54109040215316,False,12,short,short
944,0.7263615727424622,59.05856784434087,False,3,short,short
945,0.3656472861766815,9.217079698812707,False,8,short,short
946,0.772106945514679,64.93080468867078,False,22,short,medium
947,0.3297638595104217,18.481502167529936,False,3,short,short
948,0.354807436466217,7.709738502388736,False,7,short,short
949,0.4068828523159027,21.55220640452418,False,50,long,long
950,0.4573775231838226,39.52431822654314,False,34,long,medium
951,0.3954549729824066,22.58524363999973,False,18,short,medium
952,0.4861234128475189,40.91357640909708,False,31,short,medium
953,0.7355918288230896,44.745681536647304,False,33,long,medium
954,0.4608286023139953,40.99468924952694,False,8,short,short
955,0.5135204195976257,18.840950039569034,False,22,short,medium
956,0.3872863054275512,11.171049228754546,False,14,short,medium
957,0.7762268781661987,61.44772056438633,False,61,long,long
958,0.7822542786598206,55.708184328025446,False,51,long,long
959,0.7508544921875,59.06170588562052,False,51,long,long
960,0.4479244947433471,23.236997787108983,False,18,short,medium
961,0.5379958748817444,41.3912414259294,False,47,long,long
962,0.4332662224769592,18.360582967496256,False,35,long,medium
963,0.490615963935852,40.818981643851934,False,35,long,medium
964,0.5040212869644165,36.134872706383995,False,10,short,short
965,0.7595323324203491,65.78572369705277,False,20,short,medium
966,0.5791347622871399,41.89173980365842,False,44,long,long
967,0.7312994599342346,53.63859325700978,False,91,long,long
968,0.6772143244743347,53.75359767748993,False,69,long,long
969,0.4692564308643341,62.94124449077102,False,24,short,medium
970,0.44588503241539,26.04748636569848,False,38,long,long
971,0.6921489834785461,44.1602433351629,False,52,long,long
972,0.6991294622421265,50.519097292294376,False,79,long,long
973,0.5707857608795166,38.45663579978599,False,14,short,medium
974,0.3337556719779968,22.3362628055888,False,21,short,medium
975,0.5088047385215759,47.39493770009062,False,39,long,long
976,0.2994514405727386,8.770742273252436,False,20,short,medium
977,0.5354543328285217,42.25250129138763,False,76,long,long
978,0.6407894492149353,54.61645526668272,False,28,short,medium
979,0.7549852728843689,53.12310770246134,False,18,short,medium
980,0.5343128442764282,47.343323873105184,False,51,long,long
981,0.3970772325992584,24.073295207586327,False,17,short,medium
982,0.6164388060569763,42.09222046782593,False,30,short,medium
983,0.4300788938999176,32.58788972267917,False,15,short,medium
984,0.5054945945739746,39.95456576857645,False,18,short,medium
985,0.7123923897743225,48.12220977412188,False,27,short,medium
986,0.3749721944332123,18.223863073134584,False,10,short,short
987,0.3821398317813873,4.354149876606104,False,6,short,short
988,0.4968664944171905,19.12859172768747,False,22,short,medium
989,0.6419615745544434,42.16590530470638,False,45,long,long
990,0.7376986145973206,50.02579576155524,False,80,long,long
991,0.8069234490394592,57.35054262514744,False,40,long,long
992,0.5717254281044006,51.26461519520055,False,72,long,long
993,0.2996377050876617,1.0582010582010584,False,8,short,short
994,0.6404088139533997,48.17390763371962,False,72,long,long
995,0.7822213768959045,58.914445684684736,False,22,short,medium
996,0.4213134348392486,42.967446566394216,False,11,short,short
997,0.4618961811065674,30.77441061426204,False,25,short,medium
